#,Player,Team,GP,MIN,FGM,FGA,FG%,3PM,3PA,3P%,FTM,FTA,FT%,TOV,PF,ORB,DRB,REB,AST,STL,BLK,PTS,SEASON,LEAGUE
1,Soria Bangura,LEM,1,2.0,25.7,77.2,0.33299999999999996,0.0,0.0,0.0,0.0,0.0,0.0,51.5,51.5,25.7,0.0,25.7,0.0,0.0,0.0,51.5,2013,French Leaders Cup LNB
2,Alexis Ajinca,STR,3,25.3,14.2,20.1,0.71,0.0,0.0,0.0,3.2,5.2,0.625,5.8,5.8,5.2,5.8,11.0,3.2,1.3,0.6,31.7,2013,French Leaders Cup LNB
3,Ludovic Vaty,GRV,3,24.0,12.6,21.2,0.594,0.0,0.7,0.0,4.6,5.3,0.875,2.7,4.0,4.0,8.6,12.6,1.3,0.7,2.0,29.9,2013,French Leaders Cup LNB
4,Jahmar Young,ORL,1,31.0,10.5,24.0,0.43799999999999994,3.0,10.5,0.28600000000000003,4.5,4.5,1.0,3.0,3.0,0.0,3.0,3.0,3.0,1.5,0.0,28.5,2013,French Leaders Cup LNB
5,Cuthbert Victor,LEM,2,14.0,12.7,18.1,0.7,0.0,1.8,0.0,1.8,3.6,0.5,5.4,10.9,1.8,7.2,9.0,1.8,3.6,0.0,27.1,2013,French Leaders Cup LNB
6,Marcus Denmon,CHA,1,23.0,9.7,25.1,0.385,5.8,13.5,0.429,1.9,1.9,1.0,1.9,7.7,3.9,3.9,7.7,1.9,1.9,0.0,27.1,2013,French Leaders Cup LNB
7,Shelden Williams,CHA,1,33.0,12.1,24.2,0.5,0.0,0.0,0.0,2.7,2.7,1.0,5.4,5.4,5.4,6.7,12.1,0.0,2.7,1.3,26.9,2013,French Leaders Cup LNB
8,Antoine Diot,PLV,2,29.0,9.0,15.5,0.579,3.3,7.4,0.444,4.9,7.4,0.667,2.5,4.9,0.8,5.7,6.5,7.4,0.8,0.0,26.2,2013,French Leaders Cup LNB
9,Amara Sy,LYV,1,29.0,7.6,19.7,0.385,3.0,4.5,0.667,6.0,7.6,0.8,4.5,6.0,3.0,7.6,10.6,1.5,0.0,1.5,24.2,2013,French Leaders Cup LNB
10,Alexandre Chassang,LYV,1,11.0,12.0,15.9,0.75,0.0,0.0,0.0,0.0,4.0,0.0,0.0,0.0,4.0,4.0,8.0,0.0,4.0,0.0,23.9,2013,French Leaders Cup LNB
11,J.P. Batista,LEM,2,23.5,11.9,29.1,0.40700000000000003,0.0,0.0,0.0,0.0,0.0,0.0,3.2,5.4,3.2,6.5,9.7,3.2,1.1,0.0,23.7,2013,French Leaders Cup LNB
12,Ricardo Greer,STR,3,29.7,8.8,14.9,0.593,2.2,3.9,0.5710000000000001,3.3,3.3,1.0,3.3,3.9,1.1,8.3,9.4,6.1,0.6,0.0,23.2,2013,French Leaders Cup LNB
13,Sean May,PLV,2,28.0,9.3,15.2,0.611,0.8,0.8,1.0,3.4,3.4,1.0,6.8,1.7,0.8,11.9,12.7,5.1,0.8,0.8,22.9,2013,French Leaders Cup LNB
14,Romain Duport,STR,3,14.7,10.1,21.2,0.474,0.0,1.1,0.0,2.2,2.2,1.0,3.4,3.4,4.5,6.7,11.2,1.1,0.0,1.1,22.4,2013,French Leaders Cup LNB
15,Dwight Buycks,GRV,3,35.7,7.1,17.9,0.4,1.3,4.0,0.33299999999999996,6.7,8.5,0.789,3.1,2.7,0.4,3.1,3.6,2.7,4.0,0.0,22.3,2013,French Leaders Cup LNB
16,Louis Campbell,STR,3,31.7,7.8,16.6,0.469,3.1,7.2,0.429,3.6,4.1,0.875,1.6,2.6,1.0,4.1,5.2,5.2,1.6,0.5,22.3,2013,French Leaders Cup LNB
17,Jawad Williams,PLV,1,28.0,7.9,15.9,0.5,4.8,7.9,0.6,1.6,3.2,0.5,1.6,6.4,0.0,1.6,1.6,3.2,0.0,0.0,22.2,2013,French Leaders Cup LNB
18,Jonathan Aka,PLV,2,7.5,9.5,19.0,0.5,0.0,0.0,0.0,3.2,6.3,0.5,6.3,15.8,3.2,6.3,9.5,0.0,3.2,3.2,22.1,2013,French Leaders Cup LNB
19,Kennedy Winston,GRV,3,22.3,9.3,17.1,0.542,1.4,3.6,0.4,1.4,1.4,1.0,2.1,0.7,0.0,3.6,3.6,5.0,1.4,0.0,21.4,2013,French Leaders Cup LNB
20,Aldo Curti,GRV,3,7.0,6.8,18.2,0.375,0.0,2.3,0.0,6.8,9.1,0.75,6.8,18.2,0.0,2.3,2.3,2.3,0.0,0.0,20.5,2013,French Leaders Cup LNB
21,Alain Koffi,LEM,2,20.0,8.9,21.5,0.41200000000000003,0.0,0.0,0.0,2.5,3.8,0.667,1.3,5.1,3.8,11.4,15.2,2.5,0.0,1.3,20.3,2013,French Leaders Cup LNB
22,Antoine Eito,ORL,1,14.0,6.6,10.0,0.667,3.3,6.6,0.5,3.3,6.6,0.5,6.6,10.0,3.3,3.3,6.6,3.3,3.3,0.0,19.9,2013,French Leaders Cup LNB
23,Gerald Fitch,STR,2,28.0,7.8,13.8,0.562,3.5,6.9,0.5,0.9,0.9,1.0,6.0,2.6,0.9,5.2,6.0,6.0,1.7,0.0,19.9,2013,French Leaders Cup LNB
24,Khalid El-Amin,LEM,2,27.0,5.6,14.1,0.4,4.7,9.4,0.5,3.8,3.8,1.0,3.8,3.8,0.9,2.8,3.8,4.7,1.9,0.0,19.7,2013,French Leaders Cup LNB
25,Abodulaye M'Baye,GRV,3,9.0,5.3,10.6,0.5,1.8,3.5,0.5,7.1,7.1,1.0,5.3,7.1,0.0,1.8,1.8,3.5,3.5,0.0,19.5,2013,French Leaders Cup LNB
26,Blake Schilb,CHA,1,40.0,6.7,15.6,0.429,2.2,5.6,0.4,3.3,3.3,1.0,1.1,2.2,3.3,6.7,10.0,4.4,1.1,0.0,18.9,2013,French Leaders Cup LNB
27,John Shurna,STR,3,21.0,7.8,18.0,0.435,2.3,8.6,0.273,0.8,1.6,0.5,0.8,3.1,3.1,7.0,10.1,0.0,2.3,0.8,18.7,2013,French Leaders Cup LNB
28,Brian Greene,ORL,1,35.0,6.6,14.6,0.455,1.3,6.6,0.2,4.0,5.3,0.75,5.3,5.3,2.7,4.0,6.6,2.7,5.3,0.0,18.6,2013,French Leaders Cup LNB
29,J.K. Edwards,GRV,3,23.3,6.1,10.9,0.562,0.0,0.7,0.0,4.8,6.1,0.778,2.7,5.5,2.0,6.8,8.9,3.4,2.0,1.4,17.1,2013,French Leaders Cup LNB
30,Edwin Jackson,LYV,1,31.0,5.7,17.0,0.33299999999999996,1.4,5.7,0.25,4.2,4.2,1.0,5.7,4.2,1.4,5.7,7.1,14.1,0.0,0.0,17.0,2013,French Leaders Cup LNB
31,Sarra Camara,GRV,3,13.3,4.8,7.2,0.667,0.0,0.0,0.0,7.2,9.6,0.75,0.0,3.6,7.2,11.9,19.1,0.0,0.0,0.0,16.7,2013,French Leaders Cup LNB
32,Kevin Houston,CHA,1,16.0,5.6,16.7,0.33299999999999996,5.6,13.9,0.4,0.0,0.0,0.0,0.0,5.6,0.0,5.6,5.6,11.1,0.0,0.0,16.7,2013,French Leaders Cup LNB
33,Jordan Aboudou,CHA,1,16.0,8.3,19.4,0.429,0.0,0.0,0.0,0.0,0.0,0.0,2.8,13.9,5.6,5.6,11.1,0.0,2.8,0.0,16.7,2013,French Leaders Cup LNB
34,Coleman Collins,ROA,1,19.0,8.1,16.3,0.5,0.0,0.0,0.0,0.0,0.0,0.0,5.4,5.4,8.1,2.7,10.8,2.7,0.0,0.0,16.3,2013,French Leaders Cup LNB
35,Pape Sy,LEM,2,13.0,3.9,5.8,0.667,0.0,1.9,0.0,7.8,9.7,0.8,0.0,3.9,3.9,5.8,9.7,0.0,1.9,0.0,15.6,2013,French Leaders Cup LNB
36,Ryan Reid,ROA,1,17.0,6.1,21.2,0.28600000000000003,0.0,0.0,0.0,3.0,3.0,1.0,3.0,6.1,12.1,12.1,24.2,0.0,0.0,3.0,15.1,2013,French Leaders Cup LNB
37,Fernando Raposo,ORL,1,25.0,7.4,9.3,0.8,0.0,0.0,0.0,0.0,1.9,0.0,1.9,1.9,1.9,9.3,11.2,0.0,0.0,0.0,14.9,2013,French Leaders Cup LNB
38,Michael Thompson,LYV,1,18.0,4.9,9.7,0.5,2.4,2.4,1.0,2.4,2.4,1.0,4.9,12.2,0.0,2.4,2.4,2.4,0.0,0.0,14.6,2013,French Leaders Cup LNB
39,Tim Abromaitis,LYV,1,15.0,5.8,14.6,0.4,0.0,2.9,0.0,2.9,5.8,0.5,0.0,2.9,2.9,14.6,17.5,0.0,0.0,2.9,14.6,2013,French Leaders Cup LNB
40,John Cox,PLV,2,28.0,4.2,10.2,0.41700000000000004,0.0,1.7,0.0,5.9,8.5,0.7,1.7,0.8,0.0,3.4,3.4,3.4,0.0,1.7,14.4,2013,French Leaders Cup LNB
41,Andrew Albicy,PLV,2,36.5,4.5,11.7,0.389,0.0,5.2,0.0,5.2,5.8,0.889,3.2,1.9,0.0,2.6,2.6,7.8,1.3,0.0,14.3,2013,French Leaders Cup LNB
42,Yannick Bokolo,GRV,3,25.7,5.0,11.2,0.444,0.6,3.7,0.16699999999999998,3.7,6.8,0.545,3.7,4.3,1.9,5.0,6.8,8.1,2.5,0.6,14.3,2013,French Leaders Cup LNB
43,Jeff Greer,STR,3,27.7,5.9,11.8,0.5,1.8,6.5,0.273,0.0,0.0,0.0,2.4,4.1,3.0,3.6,6.5,2.4,1.2,0.0,13.6,2013,French Leaders Cup LNB
44,Murat Kozan,ORL,1,7.0,6.6,6.6,1.0,0.0,0.0,0.0,0.0,0.0,0.0,0.0,6.6,6.6,0.0,6.6,0.0,0.0,0.0,13.3,2013,French Leaders Cup LNB
45,Pape-Philippe Amagou,ROA,1,35.0,2.9,5.9,0.5,0.0,1.5,0.0,7.4,7.4,1.0,4.4,0.0,0.0,0.0,0.0,2.9,4.4,0.0,13.2,2013,French Leaders Cup LNB
46,Chris Hill,ORL,1,36.0,3.9,10.3,0.375,1.3,6.5,0.2,3.9,3.9,1.0,0.0,1.3,0.0,6.5,6.5,6.5,2.6,0.0,12.9,2013,French Leaders Cup LNB
47,Dusan Kecman,ROA,1,8.0,6.4,19.3,0.33299999999999996,0.0,0.0,0.0,0.0,0.0,0.0,0.0,12.9,0.0,6.4,6.4,0.0,6.4,0.0,12.9,2013,French Leaders Cup LNB
48,Victor Samnick,ROA,1,16.0,6.4,9.7,0.667,0.0,0.0,0.0,0.0,0.0,0.0,3.2,3.2,0.0,19.3,19.3,0.0,0.0,0.0,12.9,2013,French Leaders Cup LNB
49,Livio Jean-Charles,LYV,1,18.0,2.4,9.7,0.25,0.0,2.4,0.0,7.3,9.7,0.75,0.0,0.0,4.9,9.7,14.6,0.0,0.0,2.4,12.2,2013,French Leaders Cup LNB
50,Thomas Larrouquis,LYV,1,11.0,4.0,8.0,0.5,0.0,0.0,0.0,4.0,4.0,1.0,0.0,4.0,0.0,0.0,0.0,0.0,4.0,0.0,12.0,2013,French Leaders Cup LNB
51,William Gradit,ROA,1,26.0,4.0,25.7,0.154,2.0,15.8,0.125,2.0,4.0,0.5,5.9,4.0,2.0,11.9,13.9,2.0,4.0,0.0,11.9,2013,French Leaders Cup LNB
52,Uche Nsonwu-Amadi,LYV,1,30.0,5.8,8.8,0.667,0.0,0.0,0.0,0.0,1.5,0.0,1.5,1.5,2.9,4.4,7.3,1.5,1.5,0.0,11.7,2013,French Leaders Cup LNB
53,Cam Long,LEM,2,22.0,4.6,17.3,0.267,2.3,10.4,0.222,0.0,2.3,0.0,4.6,6.9,1.2,2.3,3.5,3.5,2.3,1.2,11.5,2013,French Leaders Cup LNB
54,Mael Lebrun,ORL,1,25.0,5.6,13.0,0.429,0.0,7.4,0.0,0.0,0.0,0.0,1.9,1.9,1.9,1.9,3.7,1.9,3.7,0.0,11.2,2013,French Leaders Cup LNB
55,Michel Adolphe,CHA,1,8.0,5.6,16.7,0.33299999999999996,0.0,0.0,0.0,0.0,0.0,0.0,11.1,16.7,5.6,5.6,11.1,0.0,0.0,0.0,11.1,2013,French Leaders Cup LNB
56,Drew Viney,ORL,1,21.0,4.4,17.7,0.25,2.2,8.9,0.25,0.0,0.0,0.0,2.2,2.2,2.2,0.0,2.2,0.0,0.0,0.0,11.1,2013,French Leaders Cup LNB
57,Charles Lombahe-Kahudi,LEM,2,23.0,3.3,9.9,0.33299999999999996,2.2,4.4,0.5,2.2,4.4,0.5,2.2,5.5,1.1,4.4,5.5,2.2,1.1,0.0,11.0,2013,French Leaders Cup LNB
58,Yohann Sangare,ROA,1,34.0,4.5,12.1,0.375,0.0,0.0,0.0,1.5,3.0,0.5,3.0,3.0,1.5,4.5,6.1,7.6,1.5,1.5,10.6,2013,French Leaders Cup LNB
59,Ilian Evtimov,CHA,1,34.0,2.6,2.6,1.0,1.3,1.3,1.0,3.9,5.2,0.75,3.9,2.6,1.3,3.9,5.2,1.3,2.6,0.0,10.5,2013,French Leaders Cup LNB
60,Marko Keselj,LEM,2,22.5,3.4,18.0,0.188,1.1,7.9,0.14300000000000002,2.3,3.4,0.667,2.3,1.1,2.3,5.6,7.9,0.0,1.1,1.1,10.1,2013,French Leaders Cup LNB
61,Louis Labeyrie,PLV,2,21.5,4.4,11.0,0.4,0.0,2.2,0.0,1.1,2.2,0.5,2.2,4.4,3.3,6.6,9.9,2.2,1.1,2.2,9.9,2013,French Leaders Cup LNB
62,Paccelis Morlende,LYV,1,18.0,0.0,2.4,0.0,0.0,2.4,0.0,9.7,14.6,0.667,4.9,7.3,0.0,0.0,0.0,4.9,2.4,0.0,9.7,2013,French Leaders Cup LNB
63,Giovan Oniangue,PLV,2,25.0,3.8,8.5,0.444,1.9,3.8,0.5,0.0,0.0,0.0,1.9,8.5,2.8,2.8,5.7,0.0,1.9,0.0,9.5,2013,French Leaders Cup LNB
64,Paul Lacombe,LYV,1,19.0,2.3,18.5,0.125,0.0,6.9,0.0,4.6,4.6,1.0,6.9,11.5,0.0,2.3,2.3,4.6,9.2,4.6,9.2,2013,French Leaders Cup LNB
65,Maleye N'Doyle,PLV,2,11.0,2.2,12.9,0.16699999999999998,0.0,10.8,0.0,4.3,4.3,1.0,0.0,6.5,0.0,2.2,2.2,0.0,2.2,0.0,8.6,2013,French Leaders Cup LNB
66,Juby Johnson,GRV,3,20.3,2.3,10.2,0.231,1.6,9.4,0.16699999999999998,1.6,2.3,0.667,0.0,2.3,0.0,2.3,2.3,0.8,1.6,0.0,7.8,2013,French Leaders Cup LNB
67,Brandon Hunter,ORL,1,6.0,0.0,0.0,0.0,0.0,0.0,0.0,7.7,15.5,0.5,7.7,7.7,0.0,0.0,0.0,0.0,0.0,0.0,7.7,2013,French Leaders Cup LNB
68,Matt Howard,ROA,1,28.0,3.7,12.9,0.28600000000000003,0.0,3.7,0.0,0.0,0.0,0.0,3.7,7.4,7.4,5.5,12.9,5.5,0.0,3.7,7.4,2013,French Leaders Cup LNB
69,Kevin Mendy,LEM,2,14.5,3.5,5.2,0.667,0.0,0.0,0.0,0.0,0.0,0.0,1.7,0.0,7.0,0.0,7.0,1.7,1.7,0.0,7.0,2013,French Leaders Cup LNB
70,Cyril Akpomedah,GRV,3,19.3,2.5,5.8,0.429,0.0,3.3,0.0,1.6,2.5,0.667,0.0,3.3,0.8,9.1,9.9,0.0,1.6,1.6,6.6,2013,French Leaders Cup LNB
71,Aymeric Jeanneau,STR,3,20.3,2.4,6.4,0.375,0.0,2.4,0.0,1.6,1.6,1.0,4.0,9.7,0.0,2.4,2.4,13.7,1.6,0.8,6.4,2013,French Leaders Cup LNB
72,Steed Tchicamboud,CHA,1,16.0,2.8,5.6,0.5,0.0,2.8,0.0,0.0,0.0,0.0,5.6,0.0,0.0,2.8,2.8,2.8,2.8,0.0,5.6,2013,French Leaders Cup LNB
73,Henri Kahudi,LEM,2,18.0,0.0,9.8,0.0,0.0,0.0,0.0,4.2,5.6,0.75,0.0,7.0,1.4,8.4,9.8,5.6,2.8,1.4,4.2,2013,French Leaders Cup LNB
74,Axel Toupane,STR,2,9.5,0.0,5.1,0.0,0.0,0.0,0.0,2.6,5.1,0.5,7.7,10.2,0.0,2.6,2.6,5.1,0.0,0.0,2.6,2013,French Leaders Cup LNB
75,Hugo Invernizzi,STR,2,7.0,0.0,0.0,0.0,0.0,0.0,0.0,0.0,0.0,0.0,0.0,3.5,0.0,3.5,3.5,0.0,0.0,0.0,0.0,2013,French Leaders Cup LNB
76,Arthur Bouedo,ROA,1,2.0,0.0,0.0,0.0,0.0,0.0,0.0,0.0,0.0,0.0,0.0,25.7,0.0,0.0,0.0,0.0,0.0,0.0,0.0,2013,French Leaders Cup LNB
77,Thomas Ceci,LEM,1,3.0,0.0,0.0,0.0,0.0,0.0,0.0,0.0,0.0,0.0,0.0,51.5,0.0,17.2,17.2,17.2,0.0,0.0,0.0,2013,French Leaders Cup LNB
78,Steven Gray,ROA,1,15.0,0.0,13.7,0.0,0.0,6.9,0.0,0.0,0.0,0.0,3.4,17.2,0.0,0.0,0.0,3.4,0.0,0.0,0.0,2013,French Leaders Cup LNB
79,Nicolas Lang,CHA,1,14.0,0.0,15.9,0.0,0.0,12.7,0.0,0.0,0.0,0.0,0.0,15.9,0.0,3.2,3.2,3.2,0.0,0.0,0.0,2013,French Leaders Cup LNB
1,Anis Gabsi,ORL,1,1.0,46.7,93.4,0.5,0.0,0.0,0.0,0.0,0.0,0.0,0.0,0.0,46.7,0.0,46.7,0.0,0.0,0.0,93.4,2014,French Leaders Cup LNB
2,Petr Cornelie,LEM,1,1.0,44.8,44.8,1.0,0.0,0.0,0.0,0.0,0.0,0.0,0.0,0.0,0.0,0.0,0.0,0.0,0.0,0.0,89.6,2014,French Leaders Cup LNB
3,Elton Brown,PLV,2,19.5,17.2,20.9,0.8240000000000001,0.0,0.0,0.0,0.0,2.5,0.0,3.7,3.7,3.7,7.4,11.0,6.1,2.5,1.2,34.4,2014,French Leaders Cup LNB
4,Kyle McAlarney,ORL,1,31.0,12.0,19.6,0.615,7.5,15.1,0.5,0.0,0.0,0.0,7.5,1.5,0.0,3.0,3.0,3.0,1.5,0.0,31.6,2014,French Leaders Cup LNB
5,Vincent Poirier,PLV,1,3.0,15.6,15.6,1.0,0.0,0.0,0.0,0.0,0.0,0.0,0.0,0.0,0.0,31.1,31.1,0.0,0.0,0.0,31.1,2014,French Leaders Cup LNB
6,Will Daniels,NAN,3,27.0,11.6,17.1,0.679,2.4,3.7,0.667,4.9,6.7,0.727,3.7,5.5,0.0,8.0,8.0,2.4,0.6,1.2,30.6,2014,French Leaders Cup LNB
7,Taurean Green,CSP,1,33.0,8.5,15.6,0.545,4.3,7.1,0.6,8.5,11.3,0.75,5.7,1.4,1.4,0.0,1.4,2.8,0.0,0.0,29.8,2014,French Leaders Cup LNB
8,J.P. Batista,LEM,3,26.7,12.8,18.8,0.677,0.0,0.0,0.0,4.3,4.9,0.875,1.8,1.2,0.6,4.3,4.9,4.3,1.2,0.0,29.8,2014,French Leaders Cup LNB
9,T.J. Campbell,DIJ,1,35.0,9.0,14.2,0.636,6.4,9.0,0.7140000000000001,5.2,5.2,1.0,5.2,5.2,0.0,0.0,0.0,5.2,2.6,0.0,29.7,2014,French Leaders Cup LNB
10,DaShaun Wood,LEM,2,31.5,10.2,18.1,0.565,3.9,11.0,0.35700000000000004,3.9,4.7,0.833,2.4,3.2,1.6,3.2,4.7,3.9,1.6,0.0,28.4,2014,French Leaders Cup LNB
11,Alex Acker,CSP,1,30.0,7.8,25.0,0.312,3.1,6.2,0.5,9.4,9.4,1.0,1.6,6.2,4.7,4.7,9.4,7.8,1.6,0.0,28.1,2014,French Leaders Cup LNB
12,Johan Petro,CSP,1,10.0,14.0,28.1,0.5,0.0,0.0,0.0,0.0,0.0,0.0,4.7,9.4,9.4,18.7,28.1,4.7,0.0,4.7,28.1,2014,French Leaders Cup LNB
13,Clevin Hannah,NAN,1,31.0,9.6,19.3,0.5,4.8,11.2,0.429,3.2,3.2,1.0,6.4,1.6,1.6,4.8,6.4,1.6,0.0,0.0,27.3,2014,French Leaders Cup LNB
14,Bootsy Thornton,STR,2,28.0,8.4,17.7,0.47600000000000003,4.2,10.1,0.41700000000000004,5.1,5.1,1.0,1.7,5.1,0.0,4.2,4.2,3.4,1.7,0.0,26.1,2014,French Leaders Cup LNB
15,Paul Lacombe,STR,2,22.0,9.6,11.8,0.818,2.1,3.2,0.667,4.3,4.3,1.0,3.2,6.4,5.4,8.6,13.9,3.2,2.1,1.1,25.7,2014,French Leaders Cup LNB
16,Maleye N'Doyle,PLV,2,19.0,10.1,17.6,0.5710000000000001,2.5,10.1,0.25,2.5,2.5,1.0,0.0,10.1,1.3,0.0,1.3,2.5,0.0,0.0,25.2,2014,French Leaders Cup LNB
17,Jean-Michel Mipoka,NAN,1,14.0,3.6,14.2,0.25,3.6,7.1,0.5,14.2,14.2,1.0,0.0,3.6,0.0,0.0,0.0,0.0,0.0,0.0,24.9,2014,French Leaders Cup LNB
18,Louis Labeyrie,PLV,1,6.0,7.8,15.6,0.5,0.0,0.0,0.0,7.8,7.8,1.0,0.0,0.0,0.0,7.8,7.8,0.0,15.6,7.8,23.3,2014,French Leaders Cup LNB
19,Louis Campbell,STR,2,26.5,7.1,15.1,0.47100000000000003,2.7,7.1,0.375,6.2,8.0,0.778,3.6,2.7,2.7,2.7,5.3,3.6,5.3,0.9,23.1,2014,French Leaders Cup LNB
20,Daniel Ewing,PLV,2,29.0,7.4,16.5,0.45,2.5,7.4,0.33299999999999996,5.8,5.8,1.0,1.7,4.1,1.7,4.1,5.8,6.6,0.8,0.0,23.1,2014,French Leaders Cup LNB
21,Antoine Diot,STR,2,22.5,8.4,14.7,0.5710000000000001,1.0,3.1,0.33299999999999996,5.2,6.3,0.833,1.0,7.3,0.0,5.2,5.2,3.1,3.1,0.0,23.0,2014,French Leaders Cup LNB
22,Maxime Zianveni,NAN,1,13.0,11.5,19.2,0.6,0.0,0.0,0.0,0.0,0.0,0.0,0.0,0.0,7.7,0.0,7.7,0.0,0.0,0.0,23.0,2014,French Leaders Cup LNB
23,Tony Dobbins,DIJ,1,36.0,7.5,13.8,0.545,2.5,5.0,0.5,5.0,7.5,0.667,1.3,2.5,0.0,10.0,10.0,3.8,3.8,0.0,22.6,2014,French Leaders Cup LNB
24,Sergii Gladyr,NAN,3,27.3,6.6,18.1,0.36700000000000005,3.0,11.5,0.263,6.0,6.0,1.0,0.6,6.6,3.6,7.9,11.5,3.6,0.6,1.8,22.4,2014,French Leaders Cup LNB
25,Deshaun Thomas,NAN,3,22.3,8.1,20.0,0.40700000000000003,3.0,9.6,0.308,3.0,4.4,0.667,2.2,4.4,1.5,5.2,6.7,0.7,1.5,0.0,22.2,2014,French Leaders Cup LNB
26,Pape Sy,LEM,3,24.3,6.7,10.0,0.667,2.7,5.3,0.5,6.0,8.7,0.6920000000000001,2.0,2.7,2.7,4.7,7.3,6.0,2.0,0.7,22.0,2014,French Leaders Cup LNB
27,J.R. Reynolds,CSP,1,30.0,7.8,17.2,0.455,4.7,9.4,0.5,1.6,1.6,1.0,3.1,3.1,0.0,0.0,0.0,1.6,4.7,0.0,21.8,2014,French Leaders Cup LNB
28,Brian Greene,ORL,1,28.0,8.3,20.0,0.41700000000000004,5.0,13.3,0.375,0.0,0.0,0.0,0.0,1.7,3.3,5.0,8.3,1.7,1.7,0.0,21.7,2014,French Leaders Cup LNB
29,Austin Nichols,NAN,1,37.0,5.4,12.1,0.444,2.7,8.1,0.33299999999999996,8.1,8.1,1.0,5.4,4.0,2.7,0.0,2.7,0.0,2.7,0.0,21.5,2014,French Leaders Cup LNB
30,Nobel Boungou Colo,CSP,1,31.0,7.5,18.1,0.41700000000000004,4.5,10.6,0.429,1.5,4.5,0.33299999999999996,3.0,4.5,3.0,3.0,6.0,4.5,1.5,0.0,21.1,2014,French Leaders Cup LNB
31,Blake Schilb,PLV,2,29.5,6.5,13.0,0.5,2.4,6.5,0.375,4.9,5.7,0.857,1.6,4.1,0.8,7.3,8.1,5.7,2.4,0.0,20.3,2014,French Leaders Cup LNB
32,Herve Toure,PLV,2,25.0,6.7,15.3,0.43799999999999994,2.9,8.6,0.33299999999999996,3.8,3.8,1.0,4.8,3.8,1.0,7.7,8.6,1.9,1.9,2.9,20.1,2014,French Leaders Cup LNB
33,Randal Falker,NAN,1,33.0,6.0,10.6,0.5710000000000001,0.0,0.0,0.0,7.5,10.6,0.7140000000000001,6.0,6.0,4.5,7.5,12.1,3.0,1.5,1.5,19.6,2014,French Leaders Cup LNB
34,Zach Moss,DIJ,1,31.0,8.7,11.7,0.75,0.0,0.0,0.0,1.5,4.4,0.33299999999999996,4.4,5.8,1.5,2.9,4.4,2.9,10.2,0.0,18.9,2014,French Leaders Cup LNB
35,Eric Williams,CSP,1,5.0,9.4,18.7,0.5,0.0,0.0,0.0,0.0,0.0,0.0,0.0,9.4,0.0,0.0,0.0,0.0,0.0,0.0,18.7,2014,French Leaders Cup LNB
36,Charles Lombahe-Kahudi,LEM,3,28.0,5.8,11.0,0.526,1.7,5.2,0.33299999999999996,5.2,5.8,0.9,3.5,4.1,1.2,4.6,5.8,2.3,2.9,0.0,18.5,2014,French Leaders Cup LNB
37,Kevin Lisch,NAN,3,36.7,4.5,10.8,0.41700000000000004,2.7,4.5,0.6,6.8,7.2,0.938,1.4,2.3,1.4,5.0,6.3,8.1,2.3,0.0,18.5,2014,French Leaders Cup LNB
38,Malela Mutuale,DIJ,1,5.0,9.0,9.0,1.0,0.0,0.0,0.0,0.0,0.0,0.0,9.0,27.1,0.0,9.0,9.0,0.0,0.0,0.0,18.1,2014,French Leaders Cup LNB
39,Reyshawn Terry,LEM,3,26.0,5.6,13.7,0.409,1.9,6.2,0.3,4.4,8.1,0.5379999999999999,4.4,3.7,2.5,3.7,6.2,1.2,1.2,1.9,17.5,2014,French Leaders Cup LNB
40,Antoine Eito,LEM,3,14.0,5.8,12.7,0.455,4.6,8.1,0.5710000000000001,1.2,2.3,0.5,3.5,8.1,1.2,4.6,5.8,6.9,1.2,0.0,17.4,2014,French Leaders Cup LNB
41,Axel Toupane,STR,2,16.5,7.1,14.3,0.5,2.9,8.6,0.33299999999999996,0.0,0.0,0.0,5.7,7.1,1.4,2.9,4.3,1.4,1.4,0.0,17.1,2014,French Leaders Cup LNB
42,Darnell Harris,ORL,1,22.0,8.5,19.1,0.444,0.0,4.2,0.0,0.0,0.0,0.0,4.2,4.2,0.0,8.5,8.5,6.4,0.0,0.0,17.0,2014,French Leaders Cup LNB
43,Romain Duport,STR,2,14.0,8.4,16.8,0.5,0.0,0.0,0.0,0.0,0.0,0.0,5.1,8.4,1.7,6.7,8.4,3.4,0.0,1.7,16.8,2014,French Leaders Cup LNB
44,Mykal Riley,DIJ,1,19.0,4.8,16.6,0.28600000000000003,2.4,7.1,0.33299999999999996,4.8,4.8,1.0,7.1,4.8,0.0,4.8,4.8,4.8,4.8,0.0,16.6,2014,French Leaders Cup LNB
45,Xavier Corosine,NAN,2,4.5,5.5,11.1,0.5,5.5,11.1,0.5,0.0,0.0,0.0,11.1,5.5,0.0,0.0,0.0,0.0,5.5,0.0,16.6,2014,French Leaders Cup LNB
46,Paul Harris,NAN,1,27.0,5.5,11.1,0.5,1.8,7.4,0.25,3.7,3.7,1.0,1.8,5.5,1.8,5.5,7.4,1.8,0.0,0.0,16.6,2014,French Leaders Cup LNB
47,Andrew Albicy,PLV,2,20.5,4.7,11.7,0.4,3.5,9.3,0.375,3.5,4.7,0.75,2.3,5.8,1.2,3.5,4.7,9.3,2.3,0.0,16.3,2014,French Leaders Cup LNB
48,Alain Koffi,LEM,3,10.0,4.9,8.1,0.6,0.0,0.0,0.0,6.5,6.5,1.0,4.9,4.9,1.6,9.7,11.3,0.0,0.0,1.6,16.2,2014,French Leaders Cup LNB
49,Giovan Oniangue,PLV,2,24.0,6.0,13.0,0.462,2.0,8.0,0.25,2.0,4.0,0.5,1.0,1.0,0.0,1.0,1.0,0.0,2.0,0.0,16.0,2014,French Leaders Cup LNB
50,David Lighty,NAN,3,35.7,6.0,12.5,0.48100000000000004,2.3,5.6,0.41700000000000004,1.4,2.3,0.6,6.0,3.2,1.9,3.7,5.6,3.2,0.5,0.0,15.8,2014,French Leaders Cup LNB
51,Ferdinand Prenom,DIJ,1,9.0,5.0,15.0,0.33299999999999996,0.0,0.0,0.0,5.0,10.0,0.5,5.0,0.0,10.0,0.0,10.0,0.0,0.0,0.0,15.0,2014,French Leaders Cup LNB
52,Vaughn Duggins,LEM,3,21.7,6.7,16.5,0.409,0.7,4.5,0.16699999999999998,0.7,1.5,0.5,3.7,3.0,0.7,6.7,7.5,3.0,0.7,0.0,15.0,2014,French Leaders Cup LNB
53,Mael Lebrun,ORL,1,16.0,5.8,8.8,0.667,2.9,5.8,0.5,0.0,0.0,0.0,5.8,11.7,0.0,2.9,2.9,8.8,2.9,0.0,14.6,2014,French Leaders Cup LNB
54,Terence Dials,ORL,1,13.0,3.6,10.8,0.33299999999999996,0.0,0.0,0.0,7.2,10.8,0.667,7.2,3.6,7.2,3.6,10.8,0.0,0.0,0.0,14.4,2014,French Leaders Cup LNB
55,Andre Harris,DIJ,1,19.0,4.8,11.9,0.4,4.8,9.5,0.5,0.0,0.0,0.0,2.4,11.9,0.0,2.4,2.4,0.0,0.0,0.0,14.3,2014,French Leaders Cup LNB
56,Dounia Issa,LEM,3,20.0,4.9,8.9,0.545,0.0,0.0,0.0,4.1,5.7,0.7140000000000001,2.4,8.1,8.1,8.9,17.0,1.6,2.4,1.6,13.8,2014,French Leaders Cup LNB
57,Aldo Curti,ORL,1,24.0,3.9,7.8,0.5,1.9,5.8,0.33299999999999996,3.9,3.9,1.0,1.9,0.0,0.0,5.8,5.8,3.9,1.9,0.0,13.6,2014,French Leaders Cup LNB
58,Mouhammadou Jaiteh,NAN,3,16.3,2.0,5.1,0.4,0.0,0.0,0.0,9.1,13.2,0.6920000000000001,2.0,6.1,1.0,9.1,10.1,2.0,0.0,3.0,13.2,2014,French Leaders Cup LNB
59,Johan Passave-Ducteil,NAN,3,14.0,4.7,5.9,0.8,0.0,0.0,0.0,2.4,2.4,1.0,7.1,15.3,2.4,3.5,5.9,2.4,1.2,1.2,11.8,2014,French Leaders Cup LNB
60,David Andersen,STR,2,23.0,3.1,16.4,0.188,1.0,6.1,0.16699999999999998,4.1,6.1,0.667,2.0,5.1,2.0,4.1,6.1,4.1,2.0,0.0,11.3,2014,French Leaders Cup LNB
61,Qyntel Woods,LEM,1,38.0,2.5,12.3,0.2,1.2,8.6,0.14300000000000002,4.9,4.9,1.0,4.9,4.9,1.2,3.7,4.9,6.2,1.2,0.0,11.1,2014,French Leaders Cup LNB
62,Antoine Mendy,DIJ,1,25.0,1.8,10.8,0.16699999999999998,1.8,5.4,0.33299999999999996,5.4,10.8,0.5,0.0,5.4,3.6,3.6,7.2,3.6,1.8,0.0,10.8,2014,French Leaders Cup LNB
63,Jeremy Leloup,STR,2,14.0,3.4,11.8,0.28600000000000003,1.7,10.1,0.16699999999999998,1.7,3.4,0.5,1.7,8.4,5.1,3.4,8.4,1.7,3.4,0.0,10.1,2014,French Leaders Cup LNB
64,Adrien Moerman,CSP,1,37.0,3.8,8.9,0.429,1.3,3.8,0.33299999999999996,0.0,0.0,0.0,1.3,3.8,3.8,5.1,8.9,2.5,2.5,0.0,8.9,2014,French Leaders Cup LNB
65,J.K. Edwards,CSP,1,37.0,3.8,8.9,0.429,0.0,0.0,0.0,1.3,2.5,0.5,2.5,2.5,3.8,6.3,10.1,6.3,1.3,1.3,8.9,2014,French Leaders Cup LNB
66,Tim Abromaitis,STR,2,11.0,2.1,10.7,0.2,0.0,2.1,0.0,4.3,4.3,1.0,2.1,4.3,6.4,2.1,8.6,2.1,4.3,0.0,8.6,2014,French Leaders Cup LNB
67,Marc Marius Judith,NAN,3,14.3,2.3,5.8,0.4,1.2,2.3,0.5,2.3,2.3,1.0,5.8,4.6,1.2,4.6,5.8,3.5,1.2,0.0,8.1,2014,French Leaders Cup LNB
68,Joseph Gomis,CSP,1,12.0,3.9,3.9,1.0,0.0,0.0,0.0,0.0,0.0,0.0,3.9,7.8,0.0,3.9,3.9,7.8,0.0,0.0,7.8,2014,French Leaders Cup LNB
69,Ricardo Greer,STR,2,22.0,3.2,11.8,0.273,0.0,1.1,0.0,1.1,2.1,0.5,6.4,6.4,3.2,5.4,8.6,5.4,0.0,0.0,7.5,2014,French Leaders Cup LNB
70,Florent Pietrus,NAN,1,22.0,0.0,4.5,0.0,0.0,0.0,0.0,6.8,9.1,0.75,2.3,11.3,2.3,6.8,9.1,0.0,0.0,2.3,6.8,2014,French Leaders Cup LNB
71,Abdoulaye Loum,ORL,1,17.0,2.7,13.7,0.2,0.0,8.2,0.0,0.0,0.0,0.0,2.7,5.5,2.7,2.7,5.5,0.0,0.0,0.0,5.5,2014,French Leaders Cup LNB
72,Aloysius Anagonye,PLV,2,16.5,1.5,8.7,0.16699999999999998,0.0,0.0,0.0,1.5,2.9,0.5,1.5,7.3,1.5,8.7,10.2,2.9,0.0,0.0,4.4,2014,French Leaders Cup LNB
73,Sambou Traore,DIJ,1,21.0,2.1,8.6,0.25,0.0,0.0,0.0,0.0,0.0,0.0,0.0,2.1,4.3,2.1,6.4,0.0,0.0,4.3,4.3,2014,French Leaders Cup LNB
74,Landing Sane,PLV,2,12.5,1.9,9.6,0.2,0.0,3.8,0.0,0.0,0.0,0.0,1.9,11.5,0.0,13.4,13.4,1.9,0.0,1.9,3.8,2014,French Leaders Cup LNB
75,David Noel,ORL,1,26.0,0.0,5.4,0.0,0.0,3.6,0.0,3.6,3.6,1.0,3.6,3.6,0.0,1.8,1.8,1.8,0.0,0.0,3.6,2014,French Leaders Cup LNB
76,Kenny Grant,NAN,1,9.0,0.0,16.6,0.0,0.0,11.1,0.0,0.0,0.0,0.0,11.1,22.1,5.5,0.0,5.5,0.0,0.0,0.0,0.0,2014,French Leaders Cup LNB
77,Fernando Raposo,ORL,1,16.0,0.0,2.9,0.0,0.0,0.0,0.0,0.0,17.5,0.0,2.9,5.8,5.8,5.8,11.7,2.9,0.0,0.0,0.0,2014,French Leaders Cup LNB
78,Jeremy Nzeulie,NAN,2,4.5,0.0,0.0,0.0,0.0,0.0,0.0,0.0,0.0,0.0,0.0,5.8,0.0,5.8,5.8,5.8,0.0,0.0,0.0,2014,French Leaders Cup LNB
79,Marcus Banks,NAN,1,10.0,0.0,14.9,0.0,0.0,5.0,0.0,0.0,0.0,0.0,5.0,14.9,0.0,5.0,5.0,0.0,5.0,0.0,0.0,2014,French Leaders Cup LNB
80,Kevin Mendy,LEM,3,3.3,0.0,9.7,0.0,0.0,4.9,0.0,0.0,0.0,0.0,0.0,4.9,0.0,0.0,0.0,0.0,0.0,0.0,0.0,2014,French Leaders Cup LNB
81,Arnaud Imhoff,STR,1,1.0,0.0,0.0,0.0,0.0,0.0,0.0,0.0,0.0,0.0,0.0,0.0,0.0,0.0,0.0,0.0,0.0,0.0,0.0,2014,French Leaders Cup LNB
82,Nicholas Pope,NAN,1,4.0,0.0,12.4,0.0,0.0,12.4,0.0,0.0,0.0,0.0,12.4,24.9,0.0,0.0,0.0,0.0,0.0,0.0,0.0,2014,French Leaders Cup LNB
83,Tom Foucault,LEM,1,1.0,0.0,0.0,0.0,0.0,0.0,0.0,0.0,0.0,0.0,0.0,0.0,0.0,0.0,0.0,0.0,0.0,0.0,0.0,2014,French Leaders Cup LNB
84,Murat Kozan,ORL,1,6.0,0.0,7.8,0.0,0.0,0.0,0.0,0.0,0.0,0.0,0.0,0.0,0.0,7.8,7.8,0.0,0.0,0.0,0.0,2014,French Leaders Cup LNB
85,William Mensah,NAN,1,1.0,0.0,0.0,0.0,0.0,0.0,0.0,0.0,0.0,0.0,0.0,0.0,0.0,0.0,0.0,0.0,0.0,0.0,0.0,2014,French Leaders Cup LNB
1,Cyrille Eliezer-Vanerot,PLV,1,1.0,44.1,44.1,1.0,44.1,44.1,1.0,0.0,0.0,0.0,0.0,0.0,0.0,0.0,0.0,0.0,0.0,0.0,132.2,2015,French Leaders Cup LNB
2,Guillaume Plas,SLH,1,1.0,48.5,48.5,1.0,0.0,0.0,0.0,0.0,0.0,0.0,0.0,0.0,0.0,0.0,0.0,0.0,0.0,0.0,97.0,2015,French Leaders Cup LNB
3,Romain Duport,STR,1,2.0,24.3,24.3,1.0,0.0,0.0,0.0,0.0,0.0,0.0,0.0,0.0,0.0,0.0,0.0,0.0,0.0,0.0,48.5,2015,French Leaders Cup LNB
4,Nobel Boungou Colo,CSP,1,21.0,9.6,19.2,0.5,2.4,4.8,0.5,7.2,12.0,0.6,7.2,4.8,0.0,0.0,0.0,0.0,2.4,2.4,28.8,2015,French Leaders Cup LNB
5,Kee-Kee Clark,NAN,2,34.5,8.1,19.9,0.40700000000000003,6.6,11.8,0.562,5.9,5.9,1.0,1.5,3.7,0.0,4.4,4.4,5.2,1.5,0.0,28.7,2015,French Leaders Cup LNB
6,Antoine Eito,LEM,3,16.0,9.2,16.3,0.562,2.0,5.1,0.4,7.2,8.2,0.875,2.0,3.1,1.0,6.1,7.2,4.1,2.0,0.0,27.6,2015,French Leaders Cup LNB
7,Sarra Camara,CSP,1,11.0,9.2,22.9,0.4,0.0,0.0,0.0,9.2,9.2,1.0,13.8,18.3,13.8,9.2,22.9,4.6,0.0,0.0,27.5,2015,French Leaders Cup LNB
8,Ali Traore,STR,2,19.0,12.9,20.6,0.625,0.0,0.0,0.0,1.3,2.6,0.5,6.4,7.7,2.6,7.7,10.3,1.3,0.0,2.6,27.0,2015,French Leaders Cup LNB
9,Steven Gray,DIJ,2,37.0,9.2,19.0,0.484,3.1,5.5,0.556,4.9,5.5,0.889,1.2,4.3,0.0,4.9,4.9,1.8,1.8,0.0,26.4,2015,French Leaders Cup LNB
10,Vaughn Duggins,NAN,2,33.0,9.2,22.3,0.414,3.1,6.9,0.444,4.6,5.4,0.857,2.3,3.8,1.5,3.1,4.6,3.8,1.5,0.0,26.2,2015,French Leaders Cup LNB
11,Erving Walker,DIJ,2,31.5,7.9,20.2,0.39299999999999996,2.2,8.6,0.25,7.9,8.6,0.917,5.0,2.9,0.7,2.2,2.9,6.5,1.4,0.0,25.9,2015,French Leaders Cup LNB
12,Trent Plaisted,CSP,1,4.0,0.0,0.0,0.0,0.0,0.0,0.0,25.2,50.5,0.5,0.0,0.0,0.0,12.6,12.6,0.0,12.6,0.0,25.2,2015,French Leaders Cup LNB
13,J.P. Batista,CSP,1,20.0,12.6,22.7,0.556,0.0,0.0,0.0,0.0,0.0,0.0,5.0,2.5,2.5,7.6,10.1,5.0,0.0,0.0,25.2,2015,French Leaders Cup LNB
14,Landing Sane,PLV,1,25.0,8.8,14.1,0.625,5.3,8.8,0.6,1.8,3.5,0.5,0.0,1.8,3.5,8.8,12.3,3.5,0.0,3.5,24.7,2015,French Leaders Cup LNB
15,Ricardo Greer,SLH,1,36.0,9.4,20.2,0.467,0.0,2.7,0.0,5.4,6.7,0.8,2.7,4.0,1.3,6.7,8.1,1.3,1.3,0.0,24.3,2015,French Leaders Cup LNB
16,Jamal Shuler,NAN,1,52.0,8.2,17.3,0.474,5.5,10.0,0.545,0.9,1.8,0.5,1.8,0.9,0.0,4.5,4.5,2.7,0.9,0.0,22.7,2015,French Leaders Cup LNB
17,Blake Schilb,PLV,1,35.0,6.3,13.8,0.455,2.5,7.6,0.33299999999999996,7.6,8.8,0.857,8.8,0.0,0.0,6.3,6.3,6.3,1.3,1.3,22.7,2015,French Leaders Cup LNB
18,Paul Lacombe,STR,3,16.3,7.8,12.7,0.615,1.0,2.9,0.33299999999999996,4.9,5.9,0.833,5.9,6.9,4.9,3.9,8.8,1.0,2.9,0.0,21.6,2015,French Leaders Cup LNB
19,Mouhammadou Jaiteh,NAN,1,22.0,8.6,17.2,0.5,0.0,0.0,0.0,4.3,4.3,1.0,4.3,4.3,6.4,4.3,10.7,0.0,0.0,0.0,21.5,2015,French Leaders Cup LNB
20,Mykal Riley,NAN,1,49.0,8.7,17.4,0.5,2.9,5.8,0.5,1.0,1.9,0.5,2.9,2.9,1.9,4.8,6.8,3.9,1.0,1.0,21.2,2015,French Leaders Cup LNB
21,Charles Lombahe-Kahudi,LEM,3,33.7,6.8,15.5,0.43799999999999994,1.0,3.9,0.25,5.8,6.8,0.857,3.4,5.3,2.4,7.3,9.7,1.5,1.5,0.0,20.4,2015,French Leaders Cup LNB
22,Michal Ignerski,LEM,3,29.3,7.2,17.8,0.406,1.7,6.7,0.25,3.3,5.6,0.6,0.6,5.0,0.6,5.6,6.1,1.1,0.6,0.6,19.5,2015,French Leaders Cup LNB
23,Matt Howard,STR,3,25.7,6.2,16.2,0.385,0.0,0.0,0.0,6.9,6.9,1.0,1.9,6.2,8.7,3.7,12.5,5.0,0.6,0.6,19.3,2015,French Leaders Cup LNB
24,Mickael Gelabale,CSP,1,21.0,9.6,16.8,0.5710000000000001,0.0,2.4,0.0,0.0,0.0,0.0,0.0,2.4,2.4,7.2,9.6,7.2,0.0,2.4,19.2,2015,French Leaders Cup LNB
25,Antoine Diot,STR,3,33.7,6.2,15.2,0.406,2.4,7.1,0.33299999999999996,4.3,4.3,1.0,4.3,3.8,0.5,5.7,6.2,9.5,2.4,0.0,19.0,2015,French Leaders Cup LNB
26,Johan Passave-Ducteil,NAN,1,28.0,5.1,10.1,0.5,0.0,0.0,0.0,8.4,11.8,0.7140000000000001,0.0,8.4,0.0,6.8,6.8,0.0,1.7,3.4,18.6,2015,French Leaders Cup LNB
27,Kyle Weems,NAN,1,49.0,6.8,18.3,0.368,1.9,6.8,0.28600000000000003,2.9,4.8,0.6,1.0,3.9,1.9,9.6,11.6,2.9,1.9,1.0,18.3,2015,French Leaders Cup LNB
28,Shawn King,SLH,1,24.0,8.1,18.2,0.444,0.0,0.0,0.0,2.0,4.0,0.5,2.0,4.0,8.1,4.0,12.1,0.0,2.0,4.0,18.2,2015,French Leaders Cup LNB
29,John Cox,SLH,1,35.0,6.9,19.4,0.35700000000000004,2.8,6.9,0.4,1.4,5.5,0.25,0.0,0.0,1.4,6.9,8.3,6.9,1.4,0.0,18.0,2015,French Leaders Cup LNB
30,Florent Pietrus,NAN,2,34.0,6.7,9.0,0.75,0.0,0.0,0.0,4.5,7.5,0.6,4.5,6.7,4.5,5.2,9.7,3.7,0.7,0.7,17.9,2015,French Leaders Cup LNB
31,Daniel Ewing,LEM,3,35.0,6.1,12.1,0.5,0.9,2.8,0.33299999999999996,4.7,6.1,0.769,2.3,2.3,0.5,1.9,2.3,3.3,1.4,0.5,17.7,2015,French Leaders Cup LNB
32,Hugo Invernizzi,SLH,1,22.0,4.4,13.2,0.33299999999999996,4.4,13.2,0.33299999999999996,4.4,4.4,1.0,2.2,2.2,0.0,0.0,0.0,0.0,0.0,2.2,17.6,2015,French Leaders Cup LNB
33,Sharrod Ford,PLV,1,35.0,5.0,7.6,0.667,0.0,0.0,0.0,7.6,11.3,0.667,5.0,3.8,1.3,10.1,11.3,1.3,1.3,1.3,17.6,2015,French Leaders Cup LNB
34,Louis Labeyrie,PLV,1,5.0,8.8,17.6,0.5,0.0,0.0,0.0,0.0,17.6,0.0,8.8,0.0,0.0,17.6,17.6,0.0,8.8,0.0,17.6,2015,French Leaders Cup LNB
35,Louis Campbell,STR,3,29.3,4.9,11.5,0.429,3.3,7.6,0.429,4.4,5.5,0.8,4.4,4.9,0.0,8.2,8.2,7.1,0.5,0.0,17.5,2015,French Leaders Cup LNB
36,Giovan Oniangue,PLV,1,8.0,5.5,11.0,0.5,5.5,5.5,1.0,0.0,0.0,0.0,5.5,0.0,11.0,0.0,11.0,0.0,0.0,0.0,16.5,2015,French Leaders Cup LNB
37,Nicolas Lang,PLV,1,22.0,6.0,14.0,0.429,4.0,12.0,0.33299999999999996,0.0,0.0,0.0,0.0,6.0,0.0,6.0,6.0,4.0,0.0,0.0,16.0,2015,French Leaders Cup LNB
38,Pape-Philippe Amagou,CSP,1,16.0,0.0,3.2,0.0,0.0,0.0,0.0,15.8,22.1,0.7140000000000001,0.0,6.3,3.2,6.3,9.5,0.0,0.0,0.0,15.8,2015,French Leaders Cup LNB
39,Mouphtaou Yarou,LEM,1,24.0,5.9,9.9,0.6,0.0,0.0,0.0,3.9,9.9,0.4,0.0,5.9,3.9,11.8,15.8,0.0,0.0,2.0,15.8,2015,French Leaders Cup LNB
40,Jamar Smith,CSP,1,29.0,7.0,13.9,0.5,1.7,5.2,0.33299999999999996,0.0,0.0,0.0,0.0,3.5,1.7,0.0,1.7,10.4,0.0,0.0,15.7,2015,French Leaders Cup LNB
41,Andre Harris,DIJ,2,33.5,6.1,15.6,0.391,0.0,4.1,0.0,3.4,5.4,0.625,2.0,4.1,0.0,5.4,5.4,0.7,2.7,0.0,15.6,2015,French Leaders Cup LNB
42,Axel Toupane,STR,3,21.0,5.3,14.5,0.368,0.8,6.9,0.111,3.8,4.6,0.833,1.5,3.8,0.8,6.1,6.9,3.1,0.0,0.0,15.3,2015,French Leaders Cup LNB
43,Leo Westermann,CSP,1,20.0,2.5,15.1,0.16699999999999998,0.0,5.0,0.0,10.1,10.1,1.0,0.0,10.1,5.0,0.0,5.0,12.6,0.0,0.0,15.1,2015,French Leaders Cup LNB
44,Ryan Reid,NAN,2,19.0,6.7,14.7,0.455,0.0,0.0,0.0,1.3,2.7,0.5,0.0,6.7,5.3,8.0,13.4,4.0,1.3,1.3,14.7,2015,French Leaders Cup LNB
45,C.J. Wallace,LEM,3,27.3,4.8,10.2,0.47100000000000003,1.2,4.2,0.28600000000000003,3.6,3.6,1.0,3.0,9.0,1.2,7.8,9.0,5.4,2.4,1.2,14.4,2015,French Leaders Cup LNB
46,Shy Ely,LEM,3,19.7,5.8,10.8,0.5379999999999999,0.8,2.5,0.33299999999999996,1.7,1.7,1.0,1.7,3.3,0.8,0.8,1.7,4.2,0.0,0.0,14.1,2015,French Leaders Cup LNB
47,Zach Moss,DIJ,2,23.5,5.8,5.8,1.0,0.0,0.0,0.0,1.9,1.9,1.0,3.9,8.7,2.9,8.7,11.6,0.0,2.9,1.0,13.5,2015,French Leaders Cup LNB
48,Rodrigue Beaubois,LEM,3,24.7,5.3,13.9,0.381,1.3,4.0,0.33299999999999996,1.3,1.3,1.0,6.0,2.7,0.0,2.7,2.7,3.3,1.3,0.0,13.3,2015,French Leaders Cup LNB
49,Benjamin Sene,NAN,2,23.5,4.3,15.1,0.28600000000000003,3.2,8.6,0.375,1.1,2.2,0.5,3.2,4.3,0.0,2.2,2.2,4.3,1.1,0.0,13.0,2015,French Leaders Cup LNB
50,Bangaly Fofana,STR,3,18.0,5.3,7.1,0.75,0.0,0.0,0.0,1.8,3.6,0.5,5.3,4.4,4.4,6.2,10.7,0.9,1.8,4.4,12.5,2015,French Leaders Cup LNB
51,Sergii Gladyr,NAN,2,16.5,4.6,12.3,0.375,1.5,9.2,0.16699999999999998,1.5,3.1,0.5,3.1,10.8,1.5,3.1,4.6,6.2,1.5,0.0,12.3,2015,French Leaders Cup LNB
52,Jeremy Leloup,STR,3,30.0,4.3,13.9,0.308,2.1,8.0,0.267,1.1,1.6,0.667,0.5,4.8,1.1,2.7,3.7,3.7,4.3,1.6,11.7,2015,French Leaders Cup LNB
53,Jacques Alingue,DIJ,2,24.0,5.7,8.5,0.667,0.0,0.0,0.0,0.0,1.9,0.0,0.9,2.8,7.6,8.5,16.1,0.0,4.7,2.8,11.4,2015,French Leaders Cup LNB
54,Kris Joseph,DIJ,2,22.5,4.0,12.1,0.33299999999999996,1.0,4.0,0.25,2.0,2.0,1.0,3.0,7.1,0.0,5.0,5.0,0.0,2.0,0.0,11.1,2015,French Leaders Cup LNB
55,Tadija Dragicevic,STR,3,12.3,3.9,22.1,0.17600000000000002,2.6,9.1,0.28600000000000003,0.0,0.0,0.0,0.0,7.8,3.9,7.8,11.7,2.6,1.3,0.0,10.4,2015,French Leaders Cup LNB
56,Aldo Curti,DIJ,2,11.0,2.1,12.4,0.16699999999999998,0.0,4.1,0.0,6.2,6.2,1.0,2.1,4.1,0.0,2.1,2.1,6.2,0.0,0.0,10.3,2015,French Leaders Cup LNB
57,Ramel Curry,CSP,1,15.0,3.4,6.7,0.5,3.4,6.7,0.5,0.0,0.0,0.0,0.0,0.0,0.0,3.4,3.4,3.4,3.4,0.0,10.1,2015,French Leaders Cup LNB
58,Adrien Moerman,CSP,1,29.0,3.5,17.4,0.2,1.7,10.4,0.16699999999999998,0.0,3.5,0.0,1.7,5.2,3.5,8.7,12.2,3.5,5.2,0.0,8.7,2015,French Leaders Cup LNB
59,Gedeon Pitard,SLH,1,17.0,2.9,2.9,1.0,2.9,2.9,1.0,0.0,0.0,0.0,2.9,5.7,0.0,5.7,5.7,8.6,5.7,0.0,8.6,2015,French Leaders Cup LNB
60,Maxime Zianveni,NAN,2,6.0,4.2,8.5,0.5,0.0,0.0,0.0,0.0,0.0,0.0,8.5,21.2,8.5,4.2,12.7,4.2,4.2,0.0,8.5,2015,French Leaders Cup LNB
61,Joseph Gomis,NAN,1,29.0,3.3,8.2,0.4,1.6,3.3,0.5,0.0,0.0,0.0,0.0,0.0,0.0,3.3,3.3,14.7,1.6,0.0,8.2,2015,French Leaders Cup LNB
62,Randal Falker,NAN,2,28.5,3.6,11.6,0.308,0.0,0.0,0.0,0.9,3.6,0.25,0.9,5.3,6.2,8.0,14.3,1.8,1.8,3.6,8.0,2015,French Leaders Cup LNB
63,T.J. Campbell,NAN,1,26.0,1.8,10.9,0.16699999999999998,0.0,3.6,0.0,3.6,3.6,1.0,3.6,5.5,0.0,0.0,0.0,9.1,1.8,0.0,7.3,2015,French Leaders Cup LNB
64,Frejus Zerbo,CSP,1,14.0,3.6,10.8,0.33299999999999996,0.0,0.0,0.0,0.0,0.0,0.0,0.0,7.2,0.0,7.2,7.2,0.0,0.0,0.0,7.2,2015,French Leaders Cup LNB
65,Antoine Mendy,DIJ,2,16.0,2.8,12.8,0.222,1.4,8.5,0.16699999999999998,0.0,1.4,0.0,4.3,7.1,4.3,2.8,7.1,4.3,1.4,0.0,7.1,2015,French Leaders Cup LNB
66,Mike Green,PLV,1,27.0,3.3,11.4,0.28600000000000003,0.0,1.6,0.0,0.0,0.0,0.0,6.5,6.5,1.6,1.6,3.3,9.8,0.0,0.0,6.5,2015,French Leaders Cup LNB
67,Tyrone Brazelton,SLH,1,24.0,2.0,10.1,0.2,2.0,6.1,0.33299999999999996,0.0,0.0,0.0,2.0,4.0,0.0,0.0,0.0,4.0,0.0,0.0,6.1,2015,French Leaders Cup LNB
68,Kevin Joss Rauze,DIJ,2,13.0,1.7,7.0,0.25,1.7,7.0,0.25,0.0,0.0,0.0,0.0,5.2,1.7,3.5,5.2,1.7,1.7,0.0,5.2,2015,French Leaders Cup LNB
69,Petr Cornelie,LEM,3,22.3,2.2,7.3,0.3,0.7,4.4,0.16699999999999998,0.0,0.0,0.0,3.7,3.7,4.4,7.3,11.7,2.9,1.5,1.5,5.1,2015,French Leaders Cup LNB
70,Kevin Mendy,LEM,3,9.0,1.8,3.6,0.5,0.0,0.0,0.0,0.0,0.0,0.0,1.8,5.4,0.0,3.6,3.6,0.0,0.0,0.0,3.6,2015,French Leaders Cup LNB
71,Will Yeguete,SLH,1,15.0,0.0,6.5,0.0,0.0,0.0,0.0,3.2,6.5,0.5,12.9,9.7,3.2,6.5,9.7,0.0,3.2,0.0,3.2,2015,French Leaders Cup LNB
72,Olivier Yao-Delon,DIJ,1,1.0,0.0,0.0,0.0,0.0,0.0,0.0,0.0,0.0,0.0,0.0,0.0,0.0,0.0,0.0,0.0,0.0,0.0,0.0,2015,French Leaders Cup LNB
73,Nianta Diarra,SLH,1,3.0,0.0,16.2,0.0,0.0,16.2,0.0,0.0,0.0,0.0,0.0,16.2,0.0,0.0,0.0,0.0,0.0,0.0,0.0,2015,French Leaders Cup LNB
74,Maleye N'Doyle,PLV,1,10.0,0.0,13.2,0.0,0.0,8.8,0.0,0.0,0.0,0.0,0.0,8.8,0.0,4.4,4.4,8.8,0.0,4.4,0.0,2015,French Leaders Cup LNB
75,Xavier Corosine,PLV,1,13.0,0.0,3.4,0.0,0.0,3.4,0.0,0.0,0.0,0.0,0.0,6.8,0.0,0.0,0.0,6.8,0.0,0.0,0.0,2015,French Leaders Cup LNB
76,Antony Labanca,STR,1,2.0,0.0,0.0,0.0,0.0,0.0,0.0,0.0,0.0,0.0,0.0,0.0,0.0,0.0,0.0,0.0,0.0,0.0,0.0,2015,French Leaders Cup LNB
77,Laurence Ekperigin,NAN,1,11.0,0.0,0.0,0.0,0.0,0.0,0.0,0.0,0.0,0.0,17.2,8.6,8.6,8.6,17.2,4.3,0.0,0.0,0.0,2015,French Leaders Cup LNB
78,Nicholas Pope,SLH,1,23.0,0.0,2.1,0.0,0.0,0.0,0.0,0.0,4.2,0.0,4.2,0.0,0.0,4.2,4.2,0.0,0.0,0.0,0.0,2015,French Leaders Cup LNB
79,Jeremy Nzeulie,NAN,1,3.0,0.0,31.5,0.0,0.0,15.8,0.0,0.0,0.0,0.0,0.0,15.8,0.0,0.0,0.0,0.0,0.0,0.0,0.0,2015,French Leaders Cup LNB
80,Michel Adolphe,PLV,1,4.0,0.0,0.0,0.0,0.0,0.0,0.0,0.0,0.0,0.0,22.0,33.0,0.0,0.0,0.0,0.0,0.0,0.0,0.0,2015,French Leaders Cup LNB
81,Dionte Christmas,PLV,1,15.0,0.0,8.8,0.0,0.0,5.9,0.0,0.0,0.0,0.0,0.0,5.9,0.0,5.9,5.9,2.9,2.9,0.0,0.0,2015,French Leaders Cup LNB
82,Marc Marius Judith,NAN,1,6.0,0.0,0.0,0.0,0.0,0.0,0.0,0.0,0.0,0.0,0.0,7.9,7.9,0.0,7.9,0.0,0.0,0.0,0.0,2015,French Leaders Cup LNB
83,Valentin Bigote,NAN,2,2.5,0.0,0.0,0.0,0.0,0.0,0.0,0.0,0.0,0.0,10.2,10.2,0.0,10.2,10.2,10.2,0.0,0.0,0.0,2015,French Leaders Cup LNB
84,Karim Souchu,NAN,2,2.5,0.0,20.3,0.0,0.0,10.2,0.0,0.0,0.0,0.0,0.0,10.2,0.0,0.0,0.0,10.2,0.0,0.0,0.0,2015,French Leaders Cup LNB
85,Tony Dobbins,STR,2,12.0,0.0,5.9,0.0,0.0,4.0,0.0,0.0,0.0,0.0,0.0,2.0,0.0,5.9,5.9,0.0,0.0,0.0,0.0,2015,French Leaders Cup LNB
1,Lamine Kante,ASM,1,1.0,46.1,92.1,0.5,46.1,92.1,0.5,0.0,0.0,0.0,0.0,0.0,0.0,0.0,0.0,0.0,0.0,0.0,138.2,2016,French Leaders Cup LNB
2,Stephane Gombauld,LYV,1,3.0,15.8,15.8,1.0,0.0,0.0,0.0,15.8,31.5,0.5,15.8,0.0,15.8,15.8,31.5,0.0,15.8,0.0,47.3,2016,French Leaders Cup LNB
3,Andrew Albicy,GRV,1,23.0,8.3,16.7,0.5,4.2,10.4,0.4,20.8,25.0,0.833,6.2,4.2,2.1,4.2,6.2,8.3,6.2,0.0,41.6,2016,French Leaders Cup LNB
4,Rodrigue Beaubois,STR,2,26.5,12.9,17.5,0.737,3.7,5.5,0.667,5.5,5.5,1.0,2.8,4.6,0.9,2.8,3.7,4.6,0.9,0.9,35.0,2016,French Leaders Cup LNB
5,Charles Galliou,LYV,1,3.0,15.8,15.8,1.0,0.0,0.0,0.0,0.0,0.0,0.0,0.0,0.0,0.0,0.0,0.0,0.0,15.8,0.0,31.5,2016,French Leaders Cup LNB
6,Petr Cornelie,LEM,1,25.0,11.6,21.3,0.545,1.9,3.9,0.5,5.8,9.7,0.6,0.0,5.8,1.9,11.6,13.6,0.0,1.9,1.9,31.0,2016,French Leaders Cup LNB
7,Mouhammadou Jaiteh,NAN,1,30.0,11.3,17.7,0.636,0.0,0.0,0.0,8.1,17.7,0.455,3.2,3.2,1.6,12.9,14.5,0.0,1.6,1.6,30.6,2016,French Leaders Cup LNB
8,David Michineau,CHA,3,11.7,10.8,25.7,0.42100000000000004,0.0,2.7,0.0,8.1,9.5,0.857,2.7,4.1,2.7,1.4,4.1,6.8,2.7,1.4,29.7,2016,French Leaders Cup LNB
9,Romain Duport,STR,2,13.5,10.8,19.9,0.545,3.6,3.6,1.0,3.6,3.6,1.0,3.6,10.8,0.0,12.7,12.7,1.8,0.0,0.0,28.9,2016,French Leaders Cup LNB
10,Tyler Cain,DIJ,1,24.0,12.2,20.3,0.6,0.0,0.0,0.0,4.1,4.1,1.0,0.0,6.1,6.1,6.1,12.2,0.0,2.0,0.0,28.4,2016,French Leaders Cup LNB
11,Tywain McKee,LEM,1,34.0,10.0,12.8,0.778,2.8,4.3,0.667,4.3,5.7,0.75,1.4,5.7,0.0,2.8,2.8,4.3,5.7,0.0,27.1,2016,French Leaders Cup LNB
12,Jeremy Hazell,CHA,3,29.7,9.0,20.2,0.447,6.4,13.3,0.48,1.6,1.6,1.0,2.1,2.7,0.0,2.1,2.1,2.1,0.5,0.5,26.0,2016,French Leaders Cup LNB
13,Darryl Watkins,LYV,2,19.5,11.1,16.0,0.6920000000000001,0.0,0.0,0.0,3.7,6.1,0.6,11.1,3.7,2.5,9.8,12.3,2.5,0.0,0.0,25.8,2016,French Leaders Cup LNB
14,John Roberson,CHA,3,29.3,7.0,12.9,0.542,4.3,7.0,0.615,7.5,9.1,0.8240000000000001,3.2,1.6,0.0,2.7,2.7,12.4,2.1,0.0,25.8,2016,French Leaders Cup LNB
15,Yakuba Ouattara,ASM,3,25.7,10.6,16.8,0.63,2.5,6.2,0.4,1.9,1.9,1.0,2.5,3.1,3.1,3.1,6.2,3.1,0.6,0.0,25.5,2016,French Leaders Cup LNB
16,Steven Gray,GRV,1,40.0,8.4,14.4,0.583,3.6,6.0,0.6,4.8,6.0,0.8,1.2,2.4,1.2,1.2,2.4,2.4,1.2,0.0,25.1,2016,French Leaders Cup LNB
17,Fernando Raposo,NAN,1,10.0,4.8,14.5,0.33299999999999996,0.0,0.0,0.0,14.5,19.3,0.75,0.0,4.8,9.7,4.8,14.5,0.0,0.0,0.0,24.2,2016,French Leaders Cup LNB
18,Charles Lombahe-Kahudi,LYV,2,21.0,8.0,18.3,0.43799999999999994,2.3,6.8,0.33299999999999996,5.7,6.8,0.833,2.3,5.7,5.7,2.3,8.0,0.0,1.1,0.0,24.0,2016,French Leaders Cup LNB
19,C.J. Williams,DIJ,1,31.0,7.9,14.2,0.556,7.9,11.0,0.7140000000000001,0.0,0.0,0.0,4.7,4.7,0.0,1.6,1.6,0.0,0.0,0.0,23.6,2016,French Leaders Cup LNB
20,Jamal Shuler,ASM,3,34.0,7.0,17.4,0.405,4.2,9.4,0.45,5.2,5.2,1.0,1.4,1.4,0.5,8.0,8.5,7.0,1.4,0.0,23.5,2016,French Leaders Cup LNB
21,Mickael Gelabale,LEM,1,25.0,11.6,21.3,0.545,0.0,1.9,0.0,0.0,0.0,0.0,1.9,3.9,1.9,5.8,7.8,1.9,0.0,0.0,23.3,2016,French Leaders Cup LNB
22,Devin Booker,CHA,3,25.7,9.2,19.0,0.484,0.0,1.8,0.0,4.3,8.6,0.5,2.5,6.1,3.1,9.2,12.3,4.3,0.6,2.5,22.7,2016,French Leaders Cup LNB
23,Romeo Travis,LEM,1,24.0,10.1,24.2,0.41700000000000004,2.0,4.0,0.5,0.0,0.0,0.0,4.0,4.0,2.0,0.0,2.0,2.0,0.0,0.0,22.2,2016,French Leaders Cup LNB
24,Adrian Uter,ASM,3,21.3,8.2,16.5,0.5,0.0,0.7,0.0,5.2,8.2,0.636,3.7,8.2,3.0,4.5,7.5,3.0,0.0,3.7,21.7,2016,French Leaders Cup LNB
25,T.J. Campbell,NAN,1,34.0,4.3,11.4,0.375,4.3,9.9,0.429,8.5,8.5,1.0,4.3,2.8,0.0,0.0,0.0,8.5,2.8,0.0,21.3,2016,French Leaders Cup LNB
26,Aaron Cel,ASM,3,16.7,8.6,17.3,0.5,2.9,8.6,0.33299999999999996,1.0,1.9,0.5,1.9,7.7,1.0,1.0,1.9,3.8,1.0,0.0,21.1,2016,French Leaders Cup LNB
27,Jordan Aboudou,GRV,1,23.0,8.3,16.7,0.5,0.0,0.0,0.0,4.2,6.2,0.667,2.1,8.3,2.1,6.2,8.3,0.0,2.1,2.1,20.8,2016,French Leaders Cup LNB
28,David Holston,DIJ,1,26.0,7.5,15.0,0.5,1.9,5.6,0.33299999999999996,3.7,3.7,1.0,3.7,1.9,1.9,5.6,7.5,11.2,3.7,0.0,20.6,2016,French Leaders Cup LNB
29,David Lighty,LYV,2,28.0,6.0,15.4,0.389,0.9,4.3,0.2,7.7,9.4,0.818,1.7,2.6,0.9,1.7,2.6,4.3,3.4,0.0,20.5,2016,French Leaders Cup LNB
30,Paul Lacombe,STR,2,14.5,6.7,11.8,0.5710000000000001,1.7,3.4,0.5,5.0,5.0,1.0,5.0,3.4,0.0,3.4,3.4,10.1,1.7,0.0,20.2,2016,French Leaders Cup LNB
31,Sergii Gladyr,ASM,3,20.0,5.6,14.4,0.389,3.2,9.6,0.33299999999999996,5.6,6.4,0.875,2.4,5.6,0.8,8.8,9.6,1.6,2.4,2.4,20.0,2016,French Leaders Cup LNB
32,Trent Meacham,LYV,2,29.0,8.3,14.0,0.588,3.3,5.8,0.5710000000000001,0.0,0.0,0.0,3.3,6.6,0.0,3.3,3.3,5.0,0.8,0.8,19.8,2016,French Leaders Cup LNB
33,Matt Howard,STR,2,18.5,5.3,10.6,0.5,0.0,0.0,0.0,9.2,13.2,0.7,2.6,9.2,7.9,11.9,19.8,7.9,2.6,0.0,19.8,2016,French Leaders Cup LNB
34,David Andersen,LYV,2,22.0,6.5,16.3,0.4,2.2,5.4,0.4,4.4,5.4,0.8,2.2,3.3,0.0,6.5,6.5,3.3,0.0,0.0,19.6,2016,French Leaders Cup LNB
35,Axel Bouteille,CHA,3,17.0,7.4,11.1,0.667,0.0,0.9,0.0,4.6,6.5,0.7140000000000001,2.8,5.6,1.9,3.7,5.6,2.8,0.9,0.0,19.5,2016,French Leaders Cup LNB
36,Justin Brownlee,CHA,3,14.7,7.5,14.0,0.5379999999999999,2.1,6.4,0.33299999999999996,2.1,2.1,1.0,2.1,4.3,1.1,2.1,3.2,0.0,0.0,0.0,19.3,2016,French Leaders Cup LNB
37,Amara Sy,ASM,3,26.7,7.2,16.8,0.429,0.0,0.6,0.0,4.2,6.0,0.7,4.8,3.6,3.6,7.2,10.8,3.0,1.8,0.6,18.6,2016,French Leaders Cup LNB
38,Myles Hesson,DIJ,1,24.0,6.1,16.2,0.375,2.0,8.1,0.25,4.1,4.1,1.0,2.0,6.1,0.0,6.1,6.1,0.0,0.0,2.0,18.3,2016,French Leaders Cup LNB
39,Mykal Riley,NAN,1,38.0,5.1,14.0,0.364,2.5,10.2,0.25,5.1,5.1,1.0,6.4,2.5,0.0,6.4,6.4,5.1,0.0,1.3,17.8,2016,French Leaders Cup LNB
40,D.J. Cooper,ASM,3,26.7,6.0,12.0,0.5,3.6,7.8,0.462,1.2,1.2,1.0,2.4,4.2,1.8,8.4,10.2,13.2,1.8,0.6,16.8,2016,French Leaders Cup LNB
41,Tyler Kalinoski,CHA,3,20.3,6.2,13.2,0.47100000000000003,3.9,7.0,0.556,0.0,0.0,0.0,2.3,6.2,1.5,6.2,7.7,2.3,0.8,0.0,16.3,2016,French Leaders Cup LNB
42,Mardy Collins,STR,2,21.0,5.8,18.6,0.312,1.2,5.8,0.2,3.5,4.6,0.75,4.6,3.5,1.2,1.2,2.3,8.1,1.2,0.0,16.3,2016,French Leaders Cup LNB
43,Hugo Invernizzi,NAN,1,27.0,5.4,12.5,0.429,3.6,8.9,0.4,1.8,3.6,0.5,1.8,5.4,1.8,1.8,3.6,1.8,0.0,0.0,16.1,2016,French Leaders Cup LNB
44,Mouphtaou Yarou,LEM,1,31.0,7.8,17.2,0.455,0.0,0.0,0.0,0.0,0.0,0.0,1.6,3.1,6.3,7.8,14.1,0.0,0.0,0.0,15.6,2016,French Leaders Cup LNB
45,Marcus Dove,GRV,1,31.0,6.2,12.4,0.5,0.0,0.0,0.0,3.1,3.1,1.0,1.5,6.2,4.6,6.2,10.8,6.2,0.0,1.5,15.4,2016,French Leaders Cup LNB
46,Jeremy Leloup,STR,2,27.0,4.5,9.9,0.455,3.6,9.0,0.4,2.7,3.6,0.75,0.9,4.5,0.0,0.9,0.9,3.6,1.8,0.0,15.4,2016,French Leaders Cup LNB
47,Nicolas Lang,LYV,2,29.0,5.8,14.9,0.389,3.3,9.9,0.33299999999999996,0.0,0.8,0.0,0.0,5.0,0.0,5.0,5.0,3.3,0.0,0.0,14.9,2016,French Leaders Cup LNB
48,Ryan Brooks,DIJ,1,30.0,3.2,11.4,0.28600000000000003,1.6,6.5,0.25,6.5,6.5,1.0,1.6,1.6,0.0,3.2,3.2,3.2,0.0,0.0,14.6,2016,French Leaders Cup LNB
49,Kyle Weems,STR,2,28.0,4.4,15.7,0.278,0.0,7.0,0.0,5.2,5.2,1.0,1.7,2.6,0.0,3.5,3.5,4.4,0.9,1.7,13.9,2016,French Leaders Cup LNB
50,Ilian Evtimov,CHA,3,26.3,4.8,9.0,0.5329999999999999,3.6,6.0,0.6,0.0,0.0,0.0,1.8,5.4,3.0,3.6,6.6,4.2,1.8,0.0,13.2,2016,French Leaders Cup LNB
51,Louis Campbell,STR,2,28.0,5.2,11.3,0.462,0.9,5.2,0.16699999999999998,1.7,1.7,1.0,2.6,2.6,1.7,5.2,7.0,6.1,1.7,0.0,13.1,2016,French Leaders Cup LNB
52,Mathias Lessort,CHA,3,13.7,4.6,12.7,0.364,0.0,0.0,0.0,3.5,5.8,0.6,5.8,2.3,11.5,11.5,23.1,1.2,0.0,3.5,12.7,2016,French Leaders Cup LNB
53,Darrel Mitchell,ASM,3,12.7,6.3,11.4,0.556,0.0,1.3,0.0,0.0,0.0,0.0,1.3,3.8,0.0,2.5,2.5,8.8,1.3,0.0,12.6,2016,French Leaders Cup LNB
54,Jonathan Aka,ASM,3,15.3,6.3,7.3,0.857,0.0,0.0,0.0,0.0,0.0,0.0,0.0,8.3,7.3,7.3,14.6,2.1,1.0,1.0,12.5,2016,French Leaders Cup LNB
55,Jacques Alingue,DIJ,1,16.0,6.1,12.2,0.5,0.0,0.0,0.0,0.0,0.0,0.0,0.0,12.2,0.0,0.0,0.0,3.0,3.0,0.0,12.2,2016,French Leaders Cup LNB
56,Lahaou Konate,LEM,1,16.0,3.0,15.1,0.2,3.0,15.1,0.2,3.0,6.1,0.5,0.0,6.1,3.0,3.0,6.1,9.1,0.0,3.0,12.1,2016,French Leaders Cup LNB
57,Livio Jean-Charles,LYV,2,27.0,5.3,8.9,0.6,0.0,0.9,0.0,0.9,1.8,0.5,2.7,3.5,6.2,8.9,15.1,7.1,1.8,0.9,11.5,2016,French Leaders Cup LNB
58,Axel Julien,DIJ,1,17.0,5.7,17.2,0.33299999999999996,0.0,5.7,0.0,0.0,0.0,0.0,8.6,5.7,0.0,0.0,0.0,8.6,0.0,0.0,11.5,2016,French Leaders Cup LNB
59,Jean-Frederic Morency,GRV,1,13.0,3.7,11.0,0.33299999999999996,0.0,3.7,0.0,3.7,7.4,0.5,3.7,7.4,3.7,3.7,7.4,0.0,0.0,0.0,11.0,2016,French Leaders Cup LNB
60,Pape Sy,GRV,1,23.0,4.2,10.4,0.4,0.0,0.0,0.0,2.1,2.1,1.0,4.2,6.2,4.2,0.0,4.2,0.0,2.1,0.0,10.4,2016,French Leaders Cup LNB
61,Pape-Philippe Amagou,LEM,1,19.0,5.1,10.2,0.5,0.0,2.5,0.0,0.0,0.0,0.0,2.5,2.5,2.5,0.0,2.5,10.2,0.0,0.0,10.2,2016,French Leaders Cup LNB
62,Tasmin Mitchell,NAN,1,24.0,4.0,8.1,0.5,2.0,4.0,0.5,0.0,0.0,0.0,4.0,6.0,0.0,6.0,6.0,0.0,4.0,0.0,10.1,2016,French Leaders Cup LNB
63,Marc Marius Judith,DIJ,1,18.0,2.7,2.7,1.0,2.7,2.7,1.0,0.0,0.0,0.0,2.7,13.5,0.0,2.7,2.7,5.4,0.0,0.0,8.1,2016,French Leaders Cup LNB
64,Chris Lofton,LEM,1,20.0,2.4,17.0,0.14300000000000002,2.4,12.1,0.2,0.0,0.0,0.0,2.4,4.8,0.0,0.0,0.0,9.7,2.4,0.0,7.3,2016,French Leaders Cup LNB
65,Bangaly Fofana,STR,2,18.5,2.6,6.6,0.4,0.0,0.0,0.0,1.3,4.0,0.33299999999999996,6.6,10.6,4.0,7.9,11.9,1.3,4.0,9.2,6.6,2016,French Leaders Cup LNB
66,Tyrone Brazelton,GRV,1,17.0,2.8,11.3,0.25,0.0,0.0,0.0,0.0,0.0,0.0,5.6,5.6,0.0,0.0,0.0,2.8,2.8,0.0,5.6,2016,French Leaders Cup LNB
67,Warren Racine,NAN,1,10.0,0.0,4.8,0.0,0.0,0.0,0.0,4.8,9.7,0.5,0.0,0.0,0.0,0.0,0.0,14.5,0.0,0.0,4.8,2016,French Leaders Cup LNB
68,William Gradit,CHA,3,11.7,1.4,8.1,0.16699999999999998,1.4,2.7,0.5,0.0,0.0,0.0,4.1,5.4,0.0,4.1,4.1,4.1,0.0,0.0,4.1,2016,French Leaders Cup LNB
69,Edouard Choquet,LYV,2,12.5,1.9,15.3,0.125,0.0,11.5,0.0,0.0,0.0,0.0,5.7,5.7,5.7,1.9,7.7,1.9,0.0,0.0,3.8,2016,French Leaders Cup LNB
70,Graham Brown,GRV,1,13.0,0.0,7.4,0.0,0.0,0.0,0.0,3.7,7.4,0.5,3.7,7.4,7.4,3.7,11.0,3.7,0.0,0.0,3.7,2016,French Leaders Cup LNB
71,Wen Mukubu,GRV,1,17.0,0.0,14.1,0.0,0.0,5.6,0.0,2.8,5.6,0.5,8.4,5.6,2.8,2.8,5.6,2.8,2.8,0.0,2.8,2016,French Leaders Cup LNB
72,Alexandre Chassang,LYV,2,9.0,0.0,8.0,0.0,0.0,2.7,0.0,0.0,0.0,0.0,0.0,8.0,2.7,0.0,2.7,8.0,2.7,0.0,0.0,2016,French Leaders Cup LNB
73,Jeremy Nzeulie,NAN,1,27.0,0.0,3.6,0.0,0.0,1.8,0.0,0.0,0.0,0.0,1.8,3.6,0.0,5.4,5.4,7.2,1.8,0.0,0.0,2016,French Leaders Cup LNB
74,Frank Ntilikina,STR,2,4.0,0.0,12.2,0.0,0.0,0.0,0.0,0.0,0.0,0.0,6.1,12.2,6.1,0.0,6.1,0.0,0.0,0.0,0.0,2016,French Leaders Cup LNB
75,Cyril Akpomedah,ASM,1,2.0,0.0,0.0,0.0,0.0,0.0,0.0,0.0,0.0,0.0,0.0,0.0,0.0,0.0,0.0,0.0,0.0,0.0,0.0,2016,French Leaders Cup LNB
76,Kevin Dinal,DIJ,1,14.0,0.0,7.0,0.0,0.0,3.5,0.0,0.0,0.0,0.0,7.0,3.5,0.0,17.4,17.4,0.0,7.0,0.0,0.0,2016,French Leaders Cup LNB
77,Olivier Cortale,STR,1,1.0,0.0,49.6,0.0,0.0,0.0,0.0,0.0,0.0,0.0,0.0,0.0,0.0,0.0,0.0,0.0,0.0,0.0,0.0,2016,French Leaders Cup LNB
78,Gedeon Pitard,LEM,1,6.0,0.0,8.1,0.0,0.0,0.0,0.0,0.0,0.0,0.0,8.1,16.1,16.1,8.1,24.2,16.1,0.0,0.0,0.0,2016,French Leaders Cup LNB
1,Sergii Gladyr,ASM,3,19.7,10.3,14.3,0.722,9.5,13.5,0.706,8.7,8.7,1.0,2.4,9.5,0.8,4.8,5.6,5.6,1.6,0.8,39.0,2017,French Leaders Cup LNB
2,Zeke Marshall,CHA,1,9.0,11.5,28.8,0.4,0.0,0.0,0.0,11.5,11.5,1.0,0.0,0.0,0.0,0.0,0.0,0.0,0.0,5.8,34.5,2017,French Leaders Cup LNB
3,Jason Rich,PLV,1,36.0,10.2,19.1,0.5329999999999999,5.1,8.9,0.5710000000000001,6.4,7.7,0.833,7.7,3.8,1.3,7.7,8.9,3.8,0.0,0.0,31.9,2017,French Leaders Cup LNB
4,Richard Solomon,GRV,1,23.0,11.9,17.9,0.667,0.0,0.0,0.0,8.0,8.0,1.0,6.0,6.0,6.0,10.0,15.9,4.0,2.0,0.0,31.9,2017,French Leaders Cup LNB
5,Bathiste Tchouaffe,NAN,2,9.0,10.6,21.2,0.5,8.0,15.9,0.5,2.7,5.3,0.5,2.7,0.0,0.0,13.3,13.3,0.0,2.7,0.0,31.9,2017,French Leaders Cup LNB
6,Mathis Keita,GRV,1,3.0,15.3,15.3,1.0,0.0,0.0,0.0,0.0,0.0,0.0,15.3,0.0,0.0,0.0,0.0,0.0,0.0,0.0,30.5,2017,French Leaders Cup LNB
7,Brandon Davies,ASM,3,20.0,13.3,18.8,0.708,0.8,0.8,1.0,3.1,6.3,0.5,3.1,6.3,4.7,4.7,9.4,0.8,1.6,1.6,30.5,2017,French Leaders Cup LNB
8,Paul Lacombe,STR,1,34.0,12.5,18.0,0.6920000000000001,1.4,4.2,0.33299999999999996,4.2,5.5,0.75,6.9,5.5,0.0,6.9,6.9,4.2,5.5,1.4,30.5,2017,French Leaders Cup LNB
9,Brian Conklin,NAN,2,14.5,8.2,14.8,0.556,0.0,3.3,0.0,13.2,14.8,0.889,0.0,3.3,1.6,0.0,1.6,0.0,3.3,0.0,29.7,2017,French Leaders Cup LNB
10,Nikola Dragovic,LYV,3,25.0,10.6,17.9,0.593,4.0,10.0,0.4,3.3,4.0,0.833,2.7,4.6,0.7,9.3,10.0,1.3,0.7,1.3,28.6,2017,French Leaders Cup LNB
11,Vitalis Chikoko,PAU,2,17.5,8.3,11.1,0.75,0.0,0.0,0.0,11.1,11.1,1.0,1.4,5.6,4.2,4.2,8.3,0.0,0.0,0.0,27.8,2017,French Leaders Cup LNB
12,Alain Koffi,PAU,2,22.0,12.1,21.0,0.579,0.0,1.1,0.0,3.3,4.4,0.75,2.2,3.3,2.2,4.4,6.6,0.0,1.1,2.2,27.6,2017,French Leaders Cup LNB
13,Walter Hodge,LYV,3,30.7,10.3,17.9,0.5760000000000001,2.7,7.0,0.385,3.8,4.9,0.778,2.7,3.8,0.0,3.8,3.8,10.8,1.6,0.0,27.1,2017,French Leaders Cup LNB
14,Ron Lewis,PAU,2,37.0,6.6,13.8,0.47600000000000003,5.3,9.8,0.5329999999999999,8.5,11.2,0.765,3.3,2.0,0.7,5.3,5.9,3.9,1.3,0.0,26.9,2017,French Leaders Cup LNB
15,Amara Sy,ASM,3,19.0,10.7,17.3,0.619,0.8,1.6,0.5,4.1,4.1,1.0,2.5,4.1,4.1,5.8,9.9,1.6,1.6,0.0,26.3,2017,French Leaders Cup LNB
16,Spencer Butterfield,NAN,2,28.5,8.4,16.8,0.5,5.0,7.5,0.667,4.2,5.9,0.7140000000000001,0.8,5.0,4.2,3.4,7.5,2.5,1.7,0.0,26.0,2017,French Leaders Cup LNB
17,Talib Zanna,NAN,2,14.0,8.5,15.4,0.556,0.0,0.0,0.0,8.5,11.9,0.7140000000000001,1.7,5.1,1.7,17.1,18.8,0.0,0.0,0.0,25.6,2017,French Leaders Cup LNB
18,Jamal Shuler,ASM,3,22.7,6.9,15.9,0.435,4.1,9.0,0.462,7.6,9.0,0.846,1.4,2.8,1.4,6.9,8.3,8.3,2.8,0.0,25.5,2017,French Leaders Cup LNB
19,Erik Murphy,STR,1,26.0,9.1,21.7,0.41700000000000004,3.6,10.9,0.33299999999999996,3.6,3.6,1.0,1.8,3.6,1.8,7.2,9.1,1.8,0.0,1.8,25.4,2017,French Leaders Cup LNB
20,Darryl Watkins,LYV,3,19.0,7.9,16.6,0.474,0.0,0.0,0.0,9.6,14.0,0.688,2.6,7.9,5.2,12.2,17.5,4.4,0.9,1.7,25.3,2017,French Leaders Cup LNB
21,Justin Cobbs,GRV,1,37.0,8.7,14.9,0.583,1.2,1.2,1.0,6.2,12.4,0.5,6.2,3.7,1.2,5.0,6.2,5.0,0.0,0.0,24.8,2017,French Leaders Cup LNB
22,Dee Bost,ASM,3,21.0,7.4,21.6,0.345,3.0,8.9,0.33299999999999996,6.7,12.7,0.529,3.7,7.4,0.7,3.7,4.5,12.7,1.5,0.0,24.6,2017,French Leaders Cup LNB
23,Fernando Raposo,GRV,1,4.0,11.5,11.5,1.0,0.0,0.0,0.0,0.0,0.0,0.0,0.0,11.5,11.5,11.5,22.9,0.0,0.0,0.0,22.9,2017,French Leaders Cup LNB
24,DeMarcus Nelson,LYV,3,30.0,7.7,14.4,0.5379999999999999,1.7,2.8,0.6,5.0,7.2,0.6920000000000001,2.2,2.2,1.7,8.9,10.5,7.7,2.8,0.6,22.1,2017,French Leaders Cup LNB
25,Adrian Uter,LYV,3,23.3,8.5,16.4,0.522,2.1,3.6,0.6,2.8,4.3,0.667,2.1,4.3,2.1,7.1,9.2,7.1,0.7,1.4,22.1,2017,French Leaders Cup LNB
26,Jean-Michel Mipoka,PAU,2,21.0,8.1,17.3,0.467,3.5,8.1,0.429,2.3,2.3,1.0,3.5,4.6,0.0,9.3,9.3,2.3,1.2,0.0,22.0,2017,French Leaders Cup LNB
27,Gedeon Pitard,CHA,1,19.0,8.2,10.9,0.75,5.5,8.2,0.667,0.0,0.0,0.0,2.7,8.2,0.0,2.7,2.7,5.5,5.5,0.0,21.8,2017,French Leaders Cup LNB
28,Trent Meacham,LYV,3,18.0,7.4,8.3,0.889,5.5,6.5,0.857,0.9,1.8,0.5,4.6,7.4,0.9,0.0,0.9,6.5,3.7,0.0,21.2,2017,French Leaders Cup LNB
29,Lance Harris,CHA,1,27.0,7.7,19.2,0.4,5.8,15.4,0.375,0.0,0.0,0.0,0.0,1.9,1.9,5.8,7.7,1.9,0.0,0.0,21.1,2017,French Leaders Cup LNB
30,Bandja Sy,LYV,3,16.7,9.0,14.9,0.6,2.0,4.0,0.5,0.0,0.0,0.0,3.0,6.0,4.0,5.0,9.0,3.0,2.0,0.0,19.9,2017,French Leaders Cup LNB
31,Mathias Lessort,NAN,2,20.5,7.0,10.5,0.667,0.0,1.2,0.0,5.8,10.5,0.556,3.5,8.2,4.7,10.5,15.2,0.0,0.0,1.2,19.8,2017,French Leaders Cup LNB
32,Myles Hesson,GRV,1,28.0,6.5,13.1,0.5,3.3,3.3,1.0,3.3,3.3,1.0,1.6,3.3,3.3,4.9,8.2,1.6,0.0,1.6,19.6,2017,French Leaders Cup LNB
33,Nicolas Lang,LYV,3,23.3,6.4,14.2,0.45,5.0,8.5,0.583,1.4,2.1,0.667,0.0,5.7,0.0,1.4,1.4,2.8,0.0,0.0,19.2,2017,French Leaders Cup LNB
34,Landing Sane,PLV,1,12.0,0.0,23.0,0.0,0.0,7.7,0.0,19.1,23.0,0.833,0.0,3.8,3.8,3.8,7.7,0.0,0.0,0.0,19.1,2017,French Leaders Cup LNB
35,Vincent Poirier,PLV,1,29.0,7.9,12.7,0.625,0.0,0.0,0.0,3.2,6.3,0.5,0.0,1.6,6.3,9.5,15.8,1.6,0.0,1.6,19.0,2017,French Leaders Cup LNB
36,John Roberson,CHA,1,25.0,6.2,22.8,0.273,2.1,12.4,0.16699999999999998,4.1,4.1,1.0,2.1,6.2,0.0,2.1,2.1,14.5,2.1,0.0,18.7,2017,French Leaders Cup LNB
37,Kyle Gibson,GRV,1,37.0,5.0,22.3,0.222,3.7,13.6,0.273,5.0,5.0,1.0,3.7,1.2,0.0,5.0,5.0,3.7,1.2,0.0,18.6,2017,French Leaders Cup LNB
38,Mouhammadou Jaiteh,STR,1,21.0,6.7,22.4,0.3,0.0,0.0,0.0,4.5,4.5,1.0,9.0,0.0,2.2,4.5,6.7,6.7,0.0,6.7,17.9,2017,French Leaders Cup LNB
39,Leopold Cavaliere,PAU,2,5.5,8.8,17.7,0.5,0.0,0.0,0.0,0.0,0.0,0.0,0.0,13.2,0.0,4.4,4.4,0.0,0.0,0.0,17.7,2017,French Leaders Cup LNB
40,Antywane Robinson,PAU,2,29.5,7.4,14.8,0.5,2.5,7.4,0.33299999999999996,0.0,0.0,0.0,5.8,5.8,2.5,4.9,7.4,2.5,2.5,0.0,17.3,2017,French Leaders Cup LNB
41,Florent Pietrus,GRV,1,24.0,5.7,7.6,0.75,0.0,1.9,0.0,5.7,7.6,0.75,1.9,5.7,1.9,3.8,5.7,1.9,0.0,1.9,17.2,2017,French Leaders Cup LNB
42,Jeremy Leloup,STR,1,36.0,6.5,13.1,0.5,2.6,7.9,0.33299999999999996,1.3,2.6,0.5,1.3,3.9,3.9,5.2,9.2,9.2,1.3,0.0,17.0,2017,French Leaders Cup LNB
43,Heiko Schaffartzik,NAN,2,30.0,5.6,15.9,0.35,4.0,11.9,0.33299999999999996,1.6,1.6,1.0,4.8,4.0,0.0,2.4,2.4,8.0,0.8,0.0,16.7,2017,French Leaders Cup LNB
44,Abdoulaye Loum,CHA,1,19.0,8.2,16.4,0.5,0.0,2.7,0.0,0.0,8.2,0.0,0.0,8.2,0.0,13.6,13.6,2.7,0.0,0.0,16.4,2017,French Leaders Cup LNB
45,Zack Wright,ASM,3,22.0,6.4,20.6,0.31,1.4,5.0,0.28600000000000003,1.4,2.8,0.5,2.8,6.4,4.3,6.4,10.7,11.4,2.1,0.0,15.6,2017,French Leaders Cup LNB
46,Jeremy Nzeulie,CHA,1,25.0,6.2,14.5,0.429,0.0,6.2,0.0,2.1,6.2,0.33299999999999996,2.1,4.1,0.0,4.1,4.1,0.0,0.0,0.0,14.5,2017,French Leaders Cup LNB
47,Corentin Carne,PAU,2,3.5,0.0,6.9,0.0,0.0,0.0,0.0,13.9,13.9,1.0,0.0,0.0,0.0,0.0,0.0,0.0,6.9,0.0,13.9,2017,French Leaders Cup LNB
48,Chris Warren,NAN,2,35.5,5.4,17.5,0.308,1.3,6.7,0.2,1.3,1.3,1.0,3.4,1.3,0.0,4.0,4.0,7.4,1.3,0.0,13.5,2017,French Leaders Cup LNB
49,Bangaly Fofana,ASM,3,17.7,5.3,8.9,0.6,0.0,0.0,0.0,2.7,4.4,0.6,0.9,8.0,4.4,8.0,12.4,0.0,6.2,2.7,13.3,2017,French Leaders Cup LNB
50,Maleye N'Doyle,PLV,1,21.0,4.4,13.1,0.33299999999999996,2.2,8.8,0.25,2.2,4.4,0.5,2.2,6.6,0.0,2.2,2.2,2.2,2.2,0.0,13.1,2017,French Leaders Cup LNB
51,Cameron Clark,CHA,1,24.0,4.3,17.3,0.25,2.2,4.3,0.5,2.2,4.3,0.5,2.2,0.0,0.0,4.3,4.3,4.3,0.0,0.0,13.0,2017,French Leaders Cup LNB
52,Nik Caner-Medley,ASM,3,23.3,5.4,12.1,0.444,2.0,5.4,0.375,0.0,0.0,0.0,1.3,2.0,2.0,8.7,10.7,3.4,1.3,0.0,12.7,2017,French Leaders Cup LNB
53,Romeo Travis,STR,1,27.0,5.2,10.5,0.5,0.0,1.7,0.0,1.7,3.5,0.5,0.0,7.0,3.5,12.2,15.7,7.0,1.7,0.0,12.2,2017,French Leaders Cup LNB
54,Hugo Invernizzi,NAN,2,26.5,2.7,6.3,0.429,2.7,6.3,0.429,3.6,3.6,1.0,1.8,4.5,0.0,5.4,5.4,7.2,0.9,0.0,11.7,2017,French Leaders Cup LNB
55,Tyler Harris,PLV,1,16.0,5.7,8.6,0.667,0.0,0.0,0.0,0.0,0.0,0.0,5.7,14.4,2.9,5.7,8.6,0.0,5.7,0.0,11.5,2017,French Leaders Cup LNB
56,Yakuba Ouattara,ASM,3,22.0,5.0,17.1,0.292,0.7,6.4,0.111,0.0,1.4,0.0,2.1,2.8,1.4,2.8,4.3,1.4,2.8,0.0,10.7,2017,French Leaders Cup LNB
57,Sek Henry,GRV,1,26.0,3.5,8.8,0.4,1.8,3.5,0.5,1.8,1.8,1.0,1.8,7.0,1.8,0.0,1.8,3.5,0.0,0.0,10.6,2017,French Leaders Cup LNB
58,Rudy Jomby,GRV,1,13.0,3.5,10.6,0.33299999999999996,3.5,10.6,0.33299999999999996,0.0,0.0,0.0,0.0,3.5,0.0,3.5,3.5,7.0,3.5,0.0,10.6,2017,French Leaders Cup LNB
59,Pape Sy,STR,1,18.0,5.2,7.9,0.667,0.0,0.0,0.0,0.0,0.0,0.0,7.9,10.5,0.0,13.1,13.1,2.6,0.0,0.0,10.5,2017,French Leaders Cup LNB
60,Moustapha Fall,CHA,1,25.0,4.1,10.4,0.4,0.0,0.0,0.0,2.1,8.3,0.25,0.0,4.1,6.2,12.4,18.7,4.1,2.1,2.1,10.4,2017,French Leaders Cup LNB
61,Louis Labeyrie,PLV,1,18.0,5.1,12.8,0.4,0.0,2.6,0.0,0.0,0.0,0.0,2.6,2.6,7.7,10.2,17.9,0.0,0.0,2.6,10.2,2017,French Leaders Cup LNB
62,D.J. Cooper,PAU,2,31.5,3.9,9.3,0.41700000000000004,0.8,6.2,0.125,1.5,4.6,0.33299999999999996,4.6,2.3,0.8,2.3,3.1,13.9,3.1,0.8,10.0,2017,French Leaders Cup LNB
63,Mykal Riley,NAN,2,16.5,2.9,10.1,0.28600000000000003,2.9,7.2,0.4,0.0,0.0,0.0,5.8,1.4,0.0,4.3,4.3,4.3,1.4,0.0,8.7,2017,French Leaders Cup LNB
64,Axel Bouteille,CHA,1,24.0,4.3,8.6,0.5,0.0,2.2,0.0,0.0,0.0,0.0,2.2,2.2,2.2,2.2,4.3,0.0,0.0,0.0,8.6,2017,French Leaders Cup LNB
65,Louis Campbell,PLV,1,27.0,3.4,17.0,0.2,1.7,10.2,0.16699999999999998,0.0,0.0,0.0,6.8,8.5,0.0,6.8,6.8,10.2,1.7,1.7,8.5,2017,French Leaders Cup LNB
66,Elie Okobo,PAU,2,17.5,2.8,12.5,0.222,0.0,6.9,0.0,2.8,2.8,1.0,2.8,8.3,1.4,2.8,4.2,2.8,0.0,0.0,8.3,2017,French Leaders Cup LNB
67,Yannick Bokolo,PAU,2,15.0,1.6,4.9,0.33299999999999996,0.0,1.6,0.0,4.9,6.5,0.75,6.5,6.5,0.0,3.2,3.2,11.3,3.2,0.0,8.1,2017,French Leaders Cup LNB
68,Cyrille Eliezer-Vanerot,PLV,1,24.0,1.9,7.7,0.25,0.0,0.0,0.0,3.8,3.8,1.0,3.8,3.8,0.0,1.9,1.9,0.0,1.9,0.0,7.7,2017,French Leaders Cup LNB
69,Jordan Aboudou,ASM,3,12.7,2.5,7.4,0.33299999999999996,0.0,2.5,0.0,1.2,4.9,0.25,2.5,6.2,1.2,1.2,2.5,4.9,2.5,1.2,6.2,2017,French Leaders Cup LNB
70,Erving Walker,STR,1,12.0,0.0,7.9,0.0,0.0,3.9,0.0,3.9,7.9,0.5,7.9,3.9,0.0,0.0,0.0,3.9,0.0,0.0,3.9,2017,French Leaders Cup LNB
71,Frank Ntilikina,STR,1,26.0,1.8,9.1,0.2,0.0,5.4,0.0,0.0,0.0,0.0,1.8,7.2,0.0,0.0,0.0,3.6,0.0,1.8,3.6,2017,French Leaders Cup LNB
72,Amine Noua,LYV,3,11.7,1.4,7.1,0.2,0.0,1.4,0.0,0.0,0.0,0.0,4.3,8.5,5.7,2.8,8.5,1.4,0.0,1.4,2.8,2017,French Leaders Cup LNB
73,Remi Lesca,PLV,1,17.0,0.0,5.4,0.0,0.0,5.4,0.0,0.0,2.7,0.0,10.8,5.4,0.0,2.7,2.7,2.7,2.7,0.0,0.0,2017,French Leaders Cup LNB
74,Digue Diawara,LYV,3,2.3,0.0,21.3,0.0,0.0,14.2,0.0,0.0,0.0,0.0,0.0,14.2,0.0,7.1,7.1,0.0,0.0,0.0,0.0,2017,French Leaders Cup LNB
75,Ibrahima Faye,CHA,1,3.0,0.0,17.3,0.0,0.0,0.0,0.0,0.0,0.0,0.0,17.3,0.0,0.0,17.3,17.3,0.0,0.0,0.0,0.0,2017,French Leaders Cup LNB
76,Adam Mokoka,GRV,1,3.0,0.0,15.3,0.0,0.0,15.3,0.0,0.0,0.0,0.0,15.3,0.0,0.0,0.0,0.0,15.3,0.0,0.0,0.0,2017,French Leaders Cup LNB
77,Quentin Serron,GRV,1,2.0,0.0,0.0,0.0,0.0,0.0,0.0,0.0,0.0,0.0,0.0,22.9,0.0,0.0,0.0,0.0,0.0,0.0,0.0,2017,French Leaders Cup LNB
78,Jean-Frederic Morency,NAN,2,5.0,0.0,19.1,0.0,0.0,9.6,0.0,0.0,0.0,0.0,0.0,9.6,4.8,0.0,4.8,9.6,0.0,0.0,0.0,2017,French Leaders Cup LNB
1,Mouhammadou Jaiteh,CSP,1,18.0,14.5,20.3,0.7140000000000001,0.0,0.0,0.0,11.6,14.5,0.8,5.8,11.6,2.9,2.9,5.8,2.9,0.0,2.9,40.6,2018,French Leaders Cup LNB
2,Danny Gibson,CSP,1,13.0,12.0,16.1,0.75,8.0,12.0,0.667,4.0,4.0,1.0,4.0,16.1,4.0,4.0,8.0,8.0,0.0,0.0,36.1,2018,French Leaders Cup LNB
3,Johan Passave-Ducteil,NAN,2,14.0,12.6,16.2,0.778,0.0,0.0,0.0,10.8,16.2,0.667,1.8,16.2,12.6,9.0,21.6,1.8,0.0,1.8,36.0,2018,French Leaders Cup LNB
4,Heiko Schaffartzik,NAN,2,31.0,10.6,20.3,0.52,8.1,16.3,0.5,4.1,4.1,1.0,1.6,4.9,0.8,0.0,0.8,6.5,0.0,0.0,33.4,2018,French Leaders Cup LNB
5,Jerry Boutsiele,CHO,1,26.0,13.1,26.2,0.5,0.0,0.0,0.0,3.7,3.7,1.0,1.9,0.0,5.6,13.1,18.7,3.7,1.9,0.0,30.0,2018,French Leaders Cup LNB
6,Youssoupha Fall,LEM,3,22.3,9.9,17.0,0.583,0.0,0.0,0.0,9.9,12.0,0.8240000000000001,2.1,7.1,5.0,9.2,14.1,2.8,0.0,2.8,29.7,2018,French Leaders Cup LNB
7,Yancy Gates,CHO,1,23.0,14.8,21.2,0.7,0.0,0.0,0.0,0.0,0.0,0.0,4.2,4.2,0.0,10.6,10.6,2.1,0.0,6.4,29.7,2018,French Leaders Cup LNB
8,Gerald Robinson,ASM,3,28.0,10.5,17.8,0.594,3.9,6.7,0.583,4.4,4.4,1.0,3.9,4.4,0.6,4.4,5.0,4.4,1.7,0.0,29.4,2018,French Leaders Cup LNB
9,Paul Lacombe,ASM,3,21.0,10.4,19.2,0.5379999999999999,1.5,6.7,0.222,6.7,7.4,0.9,3.0,5.2,0.0,4.4,4.4,8.1,3.7,0.7,28.9,2018,French Leaders Cup LNB
10,Brian Conklin,CSP,1,29.0,12.6,19.8,0.636,0.0,1.8,0.0,3.6,3.6,1.0,0.0,3.6,3.6,9.0,12.6,0.0,1.8,5.4,28.8,2018,French Leaders Cup LNB
11,Ali Traore,ASM,3,13.0,13.2,20.3,0.647,0.0,0.0,0.0,1.2,4.8,0.25,1.2,10.8,4.8,6.0,10.8,0.0,1.2,2.4,27.5,2018,French Leaders Cup LNB
12,Jamar Wilson,NAN,2,24.5,9.3,14.4,0.643,2.1,3.1,0.667,6.2,7.2,0.857,2.1,5.1,2.1,2.1,4.1,8.2,3.1,0.0,26.8,2018,French Leaders Cup LNB
13,David Logan,STR,1,18.0,10.4,28.6,0.364,5.2,13.0,0.4,0.0,0.0,0.0,2.6,0.0,0.0,0.0,0.0,2.6,2.6,0.0,26.0,2018,French Leaders Cup LNB
14,Elmedin Kikanovic,ASM,3,24.0,10.4,20.7,0.5,0.0,0.0,0.0,5.2,5.8,0.889,1.3,5.2,5.8,1.9,7.8,1.3,0.0,0.0,25.9,2018,French Leaders Cup LNB
15,Youssou Ndoye,JLB,1,26.0,10.3,10.3,1.0,0.0,0.0,0.0,5.2,5.2,1.0,5.2,3.4,0.0,10.3,10.3,0.0,0.0,0.0,25.8,2018,French Leaders Cup LNB
16,Kenny Hayes,CSP,1,33.0,4.7,14.2,0.33299999999999996,1.6,4.7,0.33299999999999996,14.2,14.2,1.0,1.6,4.7,0.0,3.2,3.2,9.5,0.0,0.0,25.3,2018,French Leaders Cup LNB
17,Dee Bost,STR,1,32.0,10.2,20.5,0.5,4.4,10.2,0.429,0.0,4.4,0.0,2.9,1.5,0.0,1.5,1.5,2.9,1.5,0.0,24.9,2018,French Leaders Cup LNB
18,Will Yeguete,LEM,3,18.3,11.2,20.7,0.542,0.0,0.9,0.0,1.7,6.0,0.28600000000000003,0.9,6.0,1.7,12.1,13.8,3.4,3.4,3.4,24.1,2018,French Leaders Cup LNB
19,Darryl Watkins,LYV,2,20.5,9.5,13.1,0.727,0.0,0.0,0.0,3.6,4.8,0.75,4.8,9.5,4.8,8.3,13.1,0.0,3.6,1.2,22.6,2018,French Leaders Cup LNB
20,Miro Bilan,STR,1,29.0,8.1,11.3,0.7140000000000001,0.0,0.0,0.0,6.5,9.7,0.667,3.2,4.8,3.2,6.5,9.7,3.2,0.0,0.0,22.6,2018,French Leaders Cup LNB
21,A.J. Slaughter,LYV,2,31.5,7.0,15.5,0.45,3.9,7.8,0.5,4.7,5.4,0.857,3.1,3.1,0.0,1.6,1.6,3.9,0.8,0.0,22.5,2018,French Leaders Cup LNB
22,Garrett Sim,JLB,1,35.0,7.7,17.9,0.429,6.4,11.5,0.556,0.0,0.0,0.0,10.2,5.1,0.0,1.3,1.3,2.6,0.0,0.0,21.7,2018,French Leaders Cup LNB
23,Charles Lombahe-Kahudi,LYV,2,26.0,6.6,13.2,0.5,2.8,5.6,0.5,5.6,5.6,1.0,0.9,6.6,0.9,2.8,3.8,0.9,0.9,0.9,21.6,2018,French Leaders Cup LNB
24,D.J. Cooper,ASM,3,24.7,7.6,18.3,0.414,2.5,6.3,0.4,3.8,4.4,0.857,5.7,3.8,1.9,5.7,7.6,13.9,2.5,0.6,21.4,2018,French Leaders Cup LNB
25,Chris Evans,ASM,3,25.7,7.3,12.7,0.5710000000000001,3.0,6.7,0.455,3.6,4.8,0.75,1.2,3.0,1.8,4.8,6.7,1.8,2.4,1.2,21.2,2018,French Leaders Cup LNB
26,Antoine Eito,LEM,3,20.7,6.9,16.0,0.429,5.3,13.0,0.41200000000000003,1.5,3.8,0.4,2.3,5.3,1.5,4.6,6.1,5.3,0.8,0.0,20.6,2018,French Leaders Cup LNB
27,Jean-Marc Pansa,NAN,2,6.5,7.8,7.8,1.0,0.0,0.0,0.0,3.9,7.8,0.5,7.8,11.6,3.9,19.4,23.3,0.0,0.0,0.0,19.4,2018,French Leaders Cup LNB
28,Ryan Evans,CHO,1,21.0,7.0,20.9,0.33299999999999996,4.6,7.0,0.667,0.0,0.0,0.0,2.3,2.3,0.0,9.3,9.3,0.0,0.0,0.0,18.6,2018,French Leaders Cup LNB
29,David Lighty,LYV,2,27.5,6.2,16.0,0.389,0.9,2.7,0.33299999999999996,4.4,5.3,0.833,1.8,3.6,4.4,3.6,8.0,1.8,1.8,0.0,17.8,2018,French Leaders Cup LNB
30,Terry Tarpey,LEM,3,24.0,4.6,13.2,0.35,2.0,5.9,0.33299999999999996,6.6,7.9,0.833,1.3,3.3,2.0,9.9,11.8,5.3,2.0,0.7,17.8,2018,French Leaders Cup LNB
31,Alade Aminu,NAN,2,21.5,7.0,16.4,0.429,0.0,0.0,0.0,3.5,5.9,0.6,4.7,7.0,1.2,9.4,10.6,1.2,0.0,3.5,17.6,2018,French Leaders Cup LNB
32,Zachery Peacock,JLB,1,36.0,5.0,11.2,0.444,0.0,2.5,0.0,7.4,7.4,1.0,5.0,2.5,2.5,8.7,11.2,3.7,0.0,0.0,17.4,2018,French Leaders Cup LNB
33,Romeo Travis,LEM,3,31.0,7.6,18.3,0.41700000000000004,1.0,1.5,0.667,1.0,1.0,1.0,1.5,2.0,2.5,7.6,10.2,4.6,2.0,0.0,17.3,2018,French Leaders Cup LNB
34,John Roberson,LYV,2,17.0,7.2,17.2,0.41700000000000004,1.4,8.6,0.16699999999999998,1.4,1.4,1.0,5.7,5.7,0.0,0.0,0.0,5.7,4.3,0.0,17.2,2018,French Leaders Cup LNB
35,DeMarcus Nelson,LYV,2,25.5,4.8,10.5,0.455,1.9,1.9,1.0,5.7,6.7,0.857,5.7,2.9,1.9,5.7,7.7,5.7,1.9,0.0,17.2,2018,French Leaders Cup LNB
36,Mykal Riley,LEM,3,30.7,5.7,11.8,0.478,3.1,6.7,0.462,2.1,2.1,1.0,3.1,1.5,2.1,5.2,7.2,1.5,1.0,0.5,16.5,2018,French Leaders Cup LNB
37,Nicolas Lang,LYV,2,18.0,5.4,13.6,0.4,1.4,5.4,0.25,4.1,5.4,0.75,2.7,8.1,0.0,6.8,6.8,5.4,5.4,0.0,16.3,2018,French Leaders Cup LNB
38,Darion Atkins,STR,1,26.0,7.2,14.4,0.5,1.8,3.6,0.5,0.0,0.0,0.0,5.4,5.4,3.6,9.0,12.6,1.8,0.0,1.8,16.2,2018,French Leaders Cup LNB
39,William Howard,CSP,1,29.0,5.4,10.8,0.5,1.8,5.4,0.33299999999999996,3.6,3.6,1.0,0.0,3.6,3.6,10.8,14.4,3.6,1.8,0.0,16.2,2018,French Leaders Cup LNB
40,Hugo Invernizzi,NAN,2,34.0,4.5,13.4,0.33299999999999996,4.5,9.6,0.462,1.5,1.5,1.0,1.5,4.5,0.7,4.5,5.2,3.0,0.7,0.0,14.8,2018,French Leaders Cup LNB
41,Justin Cobbs,LEM,3,34.3,4.1,12.0,0.34600000000000003,0.5,3.2,0.14300000000000002,6.0,7.8,0.765,3.2,0.9,0.5,3.2,3.7,8.3,0.5,0.0,14.7,2018,French Leaders Cup LNB
42,Bathiste Tchouaffe,NAN,2,15.5,4.9,13.0,0.375,3.3,8.1,0.4,1.6,1.6,1.0,0.0,6.5,0.0,4.9,4.9,1.6,1.6,0.0,14.7,2018,French Leaders Cup LNB
43,Haukur Palsson,CHO,1,34.0,2.9,10.0,0.28600000000000003,2.9,8.6,0.33299999999999996,5.7,12.9,0.444,0.0,1.4,2.9,1.4,4.3,5.7,0.0,0.0,14.3,2018,French Leaders Cup LNB
44,Jamal Shuler,NAN,2,31.0,5.7,22.8,0.25,1.6,13.0,0.125,0.8,0.8,1.0,1.6,2.4,0.0,8.1,8.1,9.8,0.8,0.0,13.8,2018,French Leaders Cup LNB
45,Sergii Gladyr,ASM,3,18.3,3.4,11.0,0.308,2.5,7.6,0.33299999999999996,4.2,5.9,0.7140000000000001,0.8,7.6,1.7,6.8,8.5,1.7,0.8,0.0,13.6,2018,French Leaders Cup LNB
46,Chase Simon,JLB,1,30.0,4.5,13.4,0.33299999999999996,0.0,4.5,0.0,4.5,7.4,0.6,4.5,1.5,0.0,0.0,0.0,1.5,3.0,0.0,13.4,2018,French Leaders Cup LNB
47,Florent Pietrus,STR,1,15.0,0.0,0.0,0.0,0.0,0.0,0.0,12.5,12.5,1.0,0.0,6.2,0.0,9.4,9.4,3.1,0.0,0.0,12.5,2018,French Leaders Cup LNB
48,Chris Lofton,LEM,3,6.3,5.0,10.0,0.5,2.5,7.5,0.33299999999999996,0.0,0.0,0.0,0.0,5.0,0.0,0.0,0.0,2.5,0.0,0.0,12.5,2018,French Leaders Cup LNB
49,Damien Inglis,STR,1,19.0,4.9,9.9,0.5,2.5,2.5,1.0,0.0,0.0,0.0,7.4,9.9,0.0,4.9,4.9,0.0,2.5,0.0,12.3,2018,French Leaders Cup LNB
50,Lance Jeter,JLB,1,26.0,5.2,15.5,0.33299999999999996,0.0,5.2,0.0,1.7,1.7,1.0,3.4,3.4,0.0,3.4,3.4,5.2,0.0,0.0,12.0,2018,French Leaders Cup LNB
51,Zack Wright,STR,1,30.0,4.7,10.9,0.429,0.0,0.0,0.0,1.6,3.1,0.5,4.7,3.1,3.1,10.9,14.0,12.5,6.2,0.0,10.9,2018,French Leaders Cup LNB
52,Josh Carter,CSP,1,26.0,4.0,22.1,0.182,2.0,14.0,0.14300000000000002,0.0,0.0,0.0,2.0,6.0,4.0,2.0,6.0,2.0,0.0,0.0,10.0,2018,French Leaders Cup LNB
53,Abdel Sylla,JLB,1,9.0,5.0,9.9,0.5,0.0,5.0,0.0,0.0,9.9,0.0,0.0,5.0,0.0,0.0,0.0,0.0,5.0,0.0,9.9,2018,French Leaders Cup LNB
54,David Michineau,CHO,1,20.0,4.9,19.5,0.25,0.0,2.4,0.0,0.0,0.0,0.0,4.9,0.0,2.4,2.4,4.9,9.7,2.4,0.0,9.7,2018,French Leaders Cup LNB
55,Toddrick Gotcher,CHO,1,26.0,1.9,7.5,0.25,1.9,7.5,0.25,3.7,3.7,1.0,1.9,7.5,0.0,5.6,5.6,5.6,0.0,0.0,9.4,2018,French Leaders Cup LNB
56,Justin Harper,LYV,2,16.5,3.0,17.8,0.16699999999999998,3.0,13.3,0.222,0.0,0.0,0.0,3.0,5.9,0.0,1.5,1.5,3.0,3.0,1.5,8.9,2018,French Leaders Cup LNB
57,Levi Randolph,STR,1,23.0,2.0,6.1,0.33299999999999996,0.0,4.1,0.0,4.1,4.1,1.0,0.0,8.1,0.0,2.0,2.0,0.0,2.0,0.0,8.1,2018,French Leaders Cup LNB
58,Ilian Evtimov,CHO,1,12.0,4.1,12.2,0.33299999999999996,0.0,8.1,0.0,0.0,0.0,0.0,4.1,8.1,4.1,8.1,12.2,0.0,0.0,0.0,8.1,2018,French Leaders Cup LNB
59,Axel Bouteille,CSP,1,15.0,3.5,10.4,0.33299999999999996,0.0,3.5,0.0,0.0,0.0,0.0,3.5,3.5,3.5,7.0,10.4,3.5,0.0,0.0,7.0,2018,French Leaders Cup LNB
60,Alpha Kaba,LYV,2,15.0,3.3,9.8,0.33299999999999996,0.0,0.0,0.0,0.0,0.0,0.0,8.1,6.5,9.8,14.7,24.4,1.6,0.0,1.6,6.5,2018,French Leaders Cup LNB
61,Meredis Houmounou,JLB,1,14.0,0.0,0.0,0.0,0.0,0.0,0.0,6.4,19.1,0.33299999999999996,0.0,6.4,3.2,6.4,9.6,9.6,0.0,0.0,6.4,2018,French Leaders Cup LNB
62,Georgi Joseph,ASM,3,22.0,2.8,4.9,0.5710000000000001,0.0,0.7,0.0,0.7,1.4,0.5,2.1,4.9,3.5,4.9,8.5,2.1,1.4,0.0,6.4,2018,French Leaders Cup LNB
63,Lahaou Konate,NAN,2,21.5,2.3,10.6,0.222,0.0,3.5,0.0,1.2,1.2,1.0,0.0,4.7,4.7,3.5,8.2,3.5,1.2,0.0,5.9,2018,French Leaders Cup LNB
64,Dru Joyce,CSP,1,28.0,1.9,11.2,0.16699999999999998,1.9,7.5,0.25,0.0,0.0,0.0,3.7,7.5,0.0,7.5,7.5,7.5,1.9,0.0,5.6,2018,French Leaders Cup LNB
65,D.J. Stephens,LEM,2,18.5,1.3,10.1,0.125,1.3,8.8,0.14300000000000002,1.3,2.5,0.5,1.3,1.3,0.0,3.8,3.8,2.5,0.0,0.0,5.0,2018,French Leaders Cup LNB
66,Aaron Craft,ASM,3,20.3,2.3,8.4,0.273,0.0,0.0,0.0,0.0,0.0,0.0,6.9,3.8,0.8,7.6,8.4,5.4,6.9,0.0,4.6,2018,French Leaders Cup LNB
67,Jonathan Rousselle,CHO,1,26.0,1.9,9.4,0.2,0.0,1.9,0.0,0.0,0.0,0.0,3.7,3.7,1.9,7.5,9.4,7.5,1.9,0.0,3.7,2018,French Leaders Cup LNB
68,Ludovic Beyhurst,STR,1,8.0,0.0,17.6,0.0,0.0,11.7,0.0,0.0,0.0,0.0,5.9,11.7,0.0,11.7,11.7,5.9,0.0,0.0,0.0,2018,French Leaders Cup LNB
69,Jean-Frederic Morency,CSP,1,9.0,0.0,17.4,0.0,0.0,0.0,0.0,0.0,0.0,0.0,5.8,5.8,11.6,0.0,11.6,5.8,0.0,0.0,0.0,2018,French Leaders Cup LNB
70,Sofiane Briki,LYV,1,1.0,0.0,0.0,0.0,0.0,0.0,0.0,0.0,0.0,0.0,0.0,0.0,0.0,0.0,0.0,0.0,50.9,0.0,0.0,2018,French Leaders Cup LNB
71,Maxence Dadiet,NAN,1,1.0,0.0,48.9,0.0,0.0,0.0,0.0,0.0,0.0,0.0,0.0,0.0,0.0,0.0,0.0,0.0,0.0,0.0,0.0,2018,French Leaders Cup LNB
72,Theo Maledon,LYV,1,4.0,0.0,25.5,0.0,0.0,25.5,0.0,0.0,0.0,0.0,12.7,0.0,0.0,0.0,0.0,0.0,0.0,0.0,0.0,2018,French Leaders Cup LNB
73,Thibault Desseignet,JLB,1,1.0,0.0,0.0,0.0,0.0,0.0,0.0,0.0,0.0,0.0,0.0,0.0,0.0,0.0,0.0,0.0,0.0,0.0,0.0,2018,French Leaders Cup LNB
74,Luc Loubaki,ASM,2,4.5,0.0,10.6,0.0,0.0,10.6,0.0,0.0,0.0,0.0,5.3,0.0,5.3,5.3,10.6,0.0,5.3,0.0,0.0,2018,French Leaders Cup LNB
75,Maxime Courby,JLB,1,14.0,0.0,6.4,0.0,0.0,6.4,0.0,0.0,0.0,0.0,3.2,9.6,3.2,0.0,3.2,6.4,3.2,0.0,0.0,2018,French Leaders Cup LNB
76,Mathieu Wojciechowski,JLB,1,9.0,0.0,0.0,0.0,0.0,0.0,0.0,0.0,0.0,0.0,0.0,9.9,0.0,5.0,5.0,0.0,0.0,0.0,0.0,2018,French Leaders Cup LNB
77,Abdoulaye N'Doye,CHO,1,12.0,0.0,12.2,0.0,0.0,4.1,0.0,0.0,0.0,0.0,0.0,8.1,0.0,0.0,0.0,8.1,0.0,0.0,0.0,2018,French Leaders Cup LNB
1,Armand Mensah,NAN,1,2.0,26.2,26.2,1.0,26.2,26.2,1.0,0.0,0.0,0.0,0.0,0.0,0.0,0.0,0.0,0.0,0.0,0.0,78.6,2019,French Leaders Cup LNB
2,Theo Rey,JLB,2,1.5,16.0,16.0,1.0,16.0,16.0,1.0,16.0,32.0,0.5,0.0,32.0,0.0,0.0,0.0,0.0,0.0,0.0,64.1,2019,French Leaders Cup LNB
3,Samardo Samuels,CSP,1,5.0,21.0,31.4,0.667,10.5,10.5,1.0,10.5,21.0,0.5,0.0,0.0,0.0,10.5,10.5,0.0,0.0,0.0,62.9,2019,French Leaders Cup LNB
4,David Holston,DIJ,1,36.0,16.2,28.3,0.5710000000000001,4.0,10.8,0.375,10.8,13.5,0.8,6.7,6.7,1.3,0.0,1.3,8.1,2.7,0.0,47.2,2019,French Leaders Cup LNB
5,Adas Juskevicius,NAN,1,22.0,14.3,28.6,0.5,11.9,19.0,0.625,2.4,4.8,0.5,2.4,4.8,2.4,0.0,2.4,0.0,2.4,0.0,42.9,2019,French Leaders Cup LNB
6,Zachery Peacock,JLB,3,29.7,14.1,21.9,0.643,5.7,9.4,0.611,5.7,6.8,0.846,2.6,4.2,1.6,5.7,7.3,5.2,4.2,0.0,39.7,2019,French Leaders Cup LNB
7,Corentin Carne,NAN,1,9.0,11.6,17.5,0.667,11.6,17.5,0.667,0.0,0.0,0.0,0.0,0.0,0.0,0.0,0.0,11.6,0.0,0.0,34.9,2019,French Leaders Cup LNB
8,Livio Jean-Charles,LYV,1,13.0,16.7,20.1,0.833,0.0,0.0,0.0,0.0,3.3,0.0,6.7,6.7,10.0,0.0,10.0,0.0,0.0,3.3,33.5,2019,French Leaders Cup LNB
9,Axel Bouteille,CSP,2,29.5,10.5,17.6,0.6,5.3,8.8,0.6,5.3,6.1,0.857,0.9,4.4,2.6,1.8,4.4,3.5,0.9,0.0,31.6,2019,French Leaders Cup LNB
10,Alexis Ajinca,LYV,1,17.0,12.8,20.5,0.625,0.0,5.1,0.0,5.1,10.2,0.5,5.1,5.1,5.1,2.6,7.7,2.6,0.0,0.0,30.7,2019,French Leaders Cup LNB
11,Theo Maledon,LYV,1,22.0,9.9,13.8,0.7140000000000001,4.0,7.9,0.5,5.9,7.9,0.75,7.9,7.9,0.0,0.0,0.0,5.9,2.0,2.0,29.7,2019,French Leaders Cup LNB
12,C.J. Harris,PAU,1,37.0,11.1,17.3,0.643,3.7,6.2,0.6,3.7,4.9,0.75,1.2,3.7,0.0,6.2,6.2,4.9,3.7,0.0,29.6,2019,French Leaders Cup LNB
13,Jeremy Nzeulie,STR,3,28.0,9.4,20.0,0.47100000000000003,2.9,8.2,0.35700000000000004,7.6,11.2,0.684,5.9,4.1,1.2,5.9,7.1,2.9,2.4,0.0,29.4,2019,French Leaders Cup LNB
14,Mike Green,STR,3,32.3,6.6,13.7,0.48100000000000004,2.5,5.6,0.455,13.2,17.3,0.765,6.6,5.6,1.5,4.6,6.1,9.7,1.5,0.0,29.0,2019,French Leaders Cup LNB
15,Tarence Kinsey,DIJ,1,12.0,12.1,16.2,0.75,4.0,8.1,0.5,0.0,0.0,0.0,0.0,8.1,0.0,4.0,4.0,0.0,0.0,0.0,28.3,2019,French Leaders Cup LNB
16,Jarell Eddie,STR,3,31.0,10.1,19.1,0.528,7.4,13.3,0.56,0.5,0.5,1.0,0.5,2.1,1.6,8.5,10.1,3.7,1.6,0.0,28.1,2019,French Leaders Cup LNB
17,Nobel Boungou Colo,PLV,2,28.5,5.7,14.7,0.389,3.3,8.2,0.4,13.0,15.5,0.8420000000000001,2.4,4.9,2.4,10.6,13.0,3.3,1.6,0.0,27.7,2019,French Leaders Cup LNB
18,Dwight Hardy,CSP,2,30.0,8.6,18.1,0.47600000000000003,6.0,9.5,0.636,4.3,5.2,0.833,1.7,3.5,0.9,0.9,1.7,1.7,1.7,0.0,27.6,2019,French Leaders Cup LNB
19,Cyrille Eliezer-Vanerot,PLV,2,23.0,10.1,13.1,0.769,5.1,7.1,0.7140000000000001,2.0,3.0,0.667,2.0,7.1,0.0,8.1,8.1,2.0,3.0,0.0,27.3,2019,French Leaders Cup LNB
20,Vitalis Chikoko,PAU,1,32.0,10.0,14.3,0.7,0.0,0.0,0.0,5.7,10.0,0.5710000000000001,4.3,4.3,5.7,4.3,10.0,2.9,0.0,5.7,25.7,2019,French Leaders Cup LNB
21,Hugo Invernizzi,NAN,1,30.0,7.0,12.2,0.5710000000000001,7.0,10.5,0.667,3.5,3.5,1.0,0.0,5.2,0.0,1.7,1.7,10.5,1.7,1.7,24.4,2019,French Leaders Cup LNB
22,Jerry Boutsiele,CSP,2,25.5,10.2,14.2,0.7140000000000001,0.0,0.0,0.0,4.1,4.1,1.0,3.0,3.0,3.0,10.2,13.2,4.1,1.0,0.0,24.4,2019,French Leaders Cup LNB
23,Leopold Cavaliere,PAU,1,21.0,10.9,19.6,0.556,2.2,6.5,0.33299999999999996,0.0,6.5,0.0,2.2,10.9,4.3,4.3,8.7,6.5,0.0,2.2,23.9,2019,French Leaders Cup LNB
24,Lamonte Ulmer,JLB,3,21.0,9.6,17.7,0.542,4.4,8.1,0.545,0.0,0.7,0.0,3.7,4.4,2.2,3.7,5.9,1.5,2.2,0.0,23.6,2019,French Leaders Cup LNB
25,Mickey McConnell,PAU,1,37.0,4.9,11.1,0.444,3.7,8.6,0.429,9.9,9.9,1.0,1.2,3.7,1.2,1.2,2.5,6.2,2.5,0.0,23.4,2019,French Leaders Cup LNB
26,Zack Wright,JLB,3,25.7,9.1,19.3,0.469,0.0,0.0,0.0,4.8,6.0,0.8,4.2,5.4,3.6,8.5,12.1,10.9,1.2,0.6,22.9,2019,French Leaders Cup LNB
27,Maalik Wayns,PLV,2,30.0,7.0,16.3,0.429,5.4,13.9,0.389,3.1,4.6,0.667,2.3,5.4,0.0,3.1,3.1,7.0,1.5,0.8,22.5,2019,French Leaders Cup LNB
28,Mike Moser,JLB,3,24.0,5.8,12.9,0.45,3.9,8.4,0.462,6.5,9.0,0.7140000000000001,3.9,5.2,2.6,7.1,9.7,2.6,1.3,0.6,22.0,2019,French Leaders Cup LNB
29,Ali Traore,STR,3,17.3,8.5,13.3,0.643,0.0,0.0,0.0,4.7,4.7,1.0,4.7,7.6,6.6,9.5,16.1,6.6,1.9,2.8,21.8,2019,French Leaders Cup LNB
30,Miro Bilan,LYV,1,18.0,7.3,12.1,0.6,0.0,0.0,0.0,7.3,14.5,0.5,0.0,9.7,9.7,9.7,19.3,0.0,0.0,2.4,21.8,2019,French Leaders Cup LNB
31,David Lighty,LYV,1,28.0,6.2,9.3,0.667,1.6,3.1,0.5,7.8,7.8,1.0,3.1,4.7,0.0,4.7,4.7,3.1,4.7,0.0,21.8,2019,French Leaders Cup LNB
32,Ekene Ibekwe,PLV,2,23.5,6.9,16.8,0.41200000000000003,1.0,4.9,0.2,6.9,7.9,0.875,4.0,8.9,5.9,7.9,13.8,2.0,1.0,1.0,21.8,2019,French Leaders Cup LNB
33,Dominic Waters,NAN,1,28.0,7.5,13.1,0.5710000000000001,3.7,3.7,1.0,1.9,1.9,1.0,11.2,3.7,1.9,1.9,3.7,11.2,1.9,0.0,20.6,2019,French Leaders Cup LNB
34,Jordan Taylor,CSP,1,26.0,3.9,21.7,0.182,2.0,17.7,0.111,9.9,11.8,0.833,9.9,3.9,0.0,2.0,2.0,9.9,2.0,0.0,19.7,2019,French Leaders Cup LNB
35,Quentin Serron,STR,3,30.0,6.6,10.4,0.632,3.3,4.9,0.667,2.7,3.3,0.833,1.6,3.8,0.0,4.9,4.9,3.3,0.5,0.0,19.2,2019,French Leaders Cup LNB
36,Isaiah Miles,CSP,2,28.5,7.3,17.3,0.42100000000000004,1.8,8.2,0.222,2.7,3.6,0.75,1.8,1.8,0.9,9.1,10.0,5.5,1.8,0.0,19.1,2019,French Leaders Cup LNB
37,David Michineau,PLV,2,30.5,7.6,16.8,0.455,0.8,2.3,0.33299999999999996,3.0,5.3,0.5710000000000001,4.6,5.3,0.8,6.1,6.9,6.1,3.0,0.0,19.0,2019,French Leaders Cup LNB
38,Youssoupha Fall,STR,3,21.7,7.6,9.9,0.769,0.0,0.0,0.0,3.8,6.1,0.625,3.0,6.1,6.1,9.9,16.0,0.8,1.5,1.5,19.0,2019,French Leaders Cup LNB
39,Youssou Ndoye,JLB,3,22.3,6.2,9.7,0.643,0.0,0.0,0.0,5.6,7.6,0.727,2.8,6.9,2.1,5.6,7.6,1.4,0.0,2.1,18.0,2019,French Leaders Cup LNB
40,Damien Inglis,CSP,2,17.5,8.9,13.3,0.667,0.0,1.5,0.0,0.0,0.0,0.0,3.0,7.4,0.0,10.4,10.4,10.4,5.9,0.0,17.8,2019,French Leaders Cup LNB
41,Garrett Sim,JLB,3,30.3,5.6,14.8,0.379,2.6,8.7,0.294,3.6,3.6,1.0,2.6,3.6,1.0,3.1,4.1,7.2,2.6,0.0,17.4,2019,French Leaders Cup LNB
42,Jeremy Leloup,DIJ,1,29.0,6.7,10.0,0.667,3.3,6.7,0.5,0.0,0.0,0.0,0.0,8.4,0.0,0.0,0.0,3.3,5.0,0.0,16.7,2019,French Leaders Cup LNB
43,Gavin Ware,DIJ,1,18.0,8.1,13.5,0.6,0.0,0.0,0.0,0.0,0.0,0.0,2.7,10.8,5.4,8.1,13.5,0.0,5.4,0.0,16.2,2019,French Leaders Cup LNB
44,Obi Emegano,DIJ,1,21.0,6.9,11.6,0.6,0.0,0.0,0.0,2.3,2.3,1.0,0.0,4.6,0.0,9.2,9.2,0.0,0.0,0.0,16.2,2019,French Leaders Cup LNB
45,Neal Sako,PLV,2,11.5,6.1,18.2,0.33299999999999996,0.0,0.0,0.0,4.0,6.1,0.667,2.0,10.1,14.1,6.1,20.2,0.0,2.0,2.0,16.2,2019,French Leaders Cup LNB
46,Amine Noua,LYV,1,28.0,6.2,17.1,0.364,0.0,4.7,0.0,3.1,3.1,1.0,0.0,3.1,1.6,7.8,9.3,1.6,1.6,1.6,15.5,2019,French Leaders Cup LNB
47,Jonathan Rousselle,CSP,2,20.0,5.2,9.1,0.5710000000000001,1.3,5.2,0.25,2.6,2.6,1.0,2.6,10.4,0.0,5.2,5.2,15.5,3.9,0.0,14.2,2019,French Leaders Cup LNB
48,Taqwa Pinero,PAU,1,26.1,5.3,17.5,0.3,3.5,14.0,0.25,0.0,0.0,0.0,1.8,0.0,0.0,7.0,7.0,1.8,0.0,0.0,14.0,2019,French Leaders Cup LNB
49,Alexandre Chassang,DIJ,1,14.0,6.9,20.8,0.33299999999999996,0.0,3.5,0.0,0.0,0.0,0.0,3.5,0.0,3.5,3.5,6.9,0.0,0.0,0.0,13.9,2019,French Leaders Cup LNB
50,Ivan Fevrier,PLV,2,18.5,5.0,18.8,0.267,2.5,6.3,0.4,1.3,2.5,0.5,3.8,2.5,5.0,5.0,10.0,0.0,0.0,1.3,13.8,2019,French Leaders Cup LNB
51,Maxime Roos,PLV,2,17.5,5.3,10.6,0.5,2.7,5.3,0.5,0.0,0.0,0.0,0.0,5.3,1.3,4.0,5.3,1.3,2.7,0.0,13.3,2019,French Leaders Cup LNB
52,Arthur Rozenfeld,JLB,3,18.0,3.4,8.6,0.4,1.7,2.6,0.667,4.3,5.2,0.833,1.7,3.4,0.0,1.7,1.7,10.3,0.9,0.0,12.9,2019,French Leaders Cup LNB
53,Lahaou Konate,NAN,1,21.0,5.0,12.5,0.4,2.5,7.5,0.33299999999999996,0.0,0.0,0.0,2.5,5.0,0.0,0.0,0.0,2.5,2.5,0.0,12.5,2019,French Leaders Cup LNB
54,Axel Julien,DIJ,1,32.0,4.5,16.7,0.273,3.0,4.5,0.667,0.0,0.0,0.0,3.0,4.5,0.0,1.5,1.5,9.1,3.0,0.0,12.1,2019,French Leaders Cup LNB
55,Julian Gamble,NAN,1,22.0,4.8,7.1,0.667,0.0,0.0,0.0,2.4,4.8,0.5,7.1,9.5,4.8,7.1,11.9,0.0,0.0,0.0,11.9,2019,French Leaders Cup LNB
56,Florent Pietrus,STR,3,10.0,1.6,4.9,0.33299999999999996,1.6,1.6,1.0,6.6,6.6,1.0,0.0,11.5,0.0,1.6,1.6,1.6,4.9,1.6,11.5,2019,French Leaders Cup LNB
57,Digue Diawara,PAU,1,12.0,0.0,15.2,0.0,0.0,7.6,0.0,11.4,11.4,1.0,3.8,11.4,3.8,7.6,11.4,0.0,0.0,0.0,11.4,2019,French Leaders Cup LNB
58,Haukur Palsson,NAN,1,19.0,2.8,22.1,0.125,2.8,11.0,0.25,2.8,5.5,0.5,2.8,8.3,2.8,11.0,13.8,5.5,0.0,0.0,11.0,2019,French Leaders Cup LNB
59,Jeremy Senglin,NAN,1,29.0,5.4,14.4,0.375,0.0,5.4,0.0,0.0,0.0,0.0,0.0,0.0,0.0,7.2,7.2,1.8,0.0,0.0,10.8,2019,French Leaders Cup LNB
60,A.J. Slaughter,LYV,1,25.0,5.2,15.7,0.33299999999999996,0.0,7.0,0.0,0.0,0.0,0.0,1.7,3.5,0.0,3.5,3.5,5.2,0.0,0.0,10.4,2019,French Leaders Cup LNB
61,Charles Lombahe-Kahudi,LYV,1,25.0,3.5,12.2,0.28600000000000003,1.7,8.7,0.2,1.7,3.5,0.5,1.7,3.5,1.7,8.7,10.4,1.7,0.0,0.0,10.4,2019,French Leaders Cup LNB
62,Roko Ukic,PLV,2,17.0,4.1,15.0,0.273,1.4,10.9,0.125,0.0,0.0,0.0,2.7,5.5,0.0,4.1,4.1,20.5,0.0,0.0,9.6,2019,French Leaders Cup LNB
63,Jean-Marc Pansa,NAN,1,18.0,2.9,5.8,0.5,0.0,0.0,0.0,2.9,2.9,1.0,5.8,2.9,2.9,2.9,5.8,0.0,2.9,0.0,8.7,2019,French Leaders Cup LNB
64,Maxime Courby,JLB,3,21.0,3.7,10.3,0.35700000000000004,0.7,6.6,0.111,0.0,0.0,0.0,3.0,4.4,2.2,5.9,8.1,2.2,0.7,0.0,8.1,2019,French Leaders Cup LNB
65,Mantas Kalnietis,LYV,1,22.0,4.0,15.8,0.25,0.0,11.9,0.0,0.0,2.0,0.0,2.0,0.0,0.0,7.9,7.9,11.9,0.0,0.0,7.9,2019,French Leaders Cup LNB
66,Malcolm Cazalon,JLB,1,6.0,0.0,23.7,0.0,0.0,15.8,0.0,7.9,15.8,0.5,0.0,0.0,0.0,0.0,0.0,0.0,0.0,0.0,7.9,2019,French Leaders Cup LNB
67,Sekou Doumbouya,CSP,2,13.5,1.9,9.6,0.2,0.0,1.9,0.0,3.8,3.8,1.0,7.7,13.4,1.9,3.8,5.8,1.9,1.9,0.0,7.7,2019,French Leaders Cup LNB
68,Donta Smith,PAU,1,24.0,3.8,13.3,0.28600000000000003,0.0,3.8,0.0,0.0,0.0,0.0,1.9,9.5,0.0,5.7,5.7,5.7,0.0,0.0,7.6,2019,French Leaders Cup LNB
69,Ludovic Beyhurst,STR,3,12.3,1.3,6.7,0.2,0.0,4.0,0.0,4.0,5.3,0.75,5.3,8.0,1.3,2.7,4.0,12.0,5.3,0.0,6.7,2019,French Leaders Cup LNB
70,William Howard,CSP,2,20.0,2.6,9.1,0.28600000000000003,1.3,5.2,0.25,0.0,0.0,0.0,1.3,2.6,2.6,7.8,10.4,3.9,2.6,1.3,6.5,2019,French Leaders Cup LNB
71,Nicolas Lang,STR,3,17.3,1.9,9.5,0.2,0.0,4.7,0.0,0.0,0.0,0.0,2.8,3.8,0.0,1.9,1.9,7.6,0.9,0.0,3.8,2019,French Leaders Cup LNB
72,Ryan Pearson,DIJ,1,30.0,0.0,6.5,0.0,0.0,1.6,0.0,3.2,3.2,1.0,1.6,6.5,1.6,0.0,1.6,4.9,3.2,1.6,3.2,2019,French Leaders Cup LNB
73,Abdoulaye Loum,DIJ,1,7.0,0.0,20.8,0.0,0.0,0.0,0.0,0.0,0.0,0.0,0.0,0.0,0.0,6.9,6.9,0.0,0.0,6.9,0.0,2019,French Leaders Cup LNB
74,Bathiste Tchouaffe,JLB,2,7.5,0.0,6.1,0.0,0.0,0.0,0.0,0.0,0.0,0.0,9.1,12.1,3.0,0.0,3.0,3.0,0.0,0.0,0.0,2019,French Leaders Cup LNB
75,Khadim Sow,LYV,1,2.0,0.0,0.0,0.0,0.0,0.0,0.0,0.0,0.0,0.0,21.8,21.8,0.0,43.5,43.5,0.0,0.0,0.0,0.0,2019,French Leaders Cup LNB
76,Yannick Bokolo,PAU,1,3.0,0.0,30.4,0.0,0.0,30.4,0.0,0.0,0.0,0.0,0.0,30.4,0.0,15.2,15.2,15.2,0.0,0.0,0.0,2019,French Leaders Cup LNB
77,Akos Keller,PAU,1,8.0,0.0,11.4,0.0,0.0,0.0,0.0,0.0,0.0,0.0,0.0,0.0,0.0,5.7,5.7,0.0,0.0,5.7,0.0,2019,French Leaders Cup LNB
78,Louis Weber,DIJ,1,1.0,0.0,0.0,0.0,0.0,0.0,0.0,0.0,0.0,0.0,0.0,0.0,0.0,0.0,0.0,0.0,0.0,0.0,0.0,2019,French Leaders Cup LNB
